lang,regions,speakers
Aari_language,north central Omo Region,"Afro-Asiatic

OmoticSouthAari"
Abaza_language,Karachay-Cherkessia,"49,800 (2010–2014)[1]"
Abellen_language,Tarlac,"3,000 (2008)[2]"
Abenaki_language,"Quebec, New Brunswick, Maine, Vermont, New Hampshire",14 Western Abenaki (2007–2012)[2]Last fluent speaker of Eastern Abenaki died in 1993.[2]
Abkhaz_language,Georgia,"190,000 (2015–2019)[1]"
Abui_language,Abui,"Trans–New Guinea ?

West Bomberai ?Timor–Alor–PantarAlor–PantarAlorAbui"
Abure_language,"93,000 (2017)[1]",abu
Acehnese_language,Indonesia,"3.37 million 
 Acehnese (2010 census)[1]"
Achang_language,"China, Myanmar","(60,000 cited 1990–2007)[1]"
Achi_language,Baja Verapaz,"120,000 (2019 census)[1]"
Achumawi_language,"1,000 Achumawi people","Hokan ?

Shasta–Palaihnihan ?PalaihnihanAchumawi"
Adai_language,Louisiana,late 19th century[1]
Adele_language,"37,000 (2003–2012)[1]",ade
Adjukru_language,"160,000 (2021)[1]",Latin
Adnyamathanha_language,"Adnyamathanha, Kuyani, Wailpi","Pama–Nyungan

Thura-YuraYuraAdnyamathanha; Kuyani"
Adyghe_language,"Circassians, Cherkesogai","Northwest Caucasian

CircassianAdyghe"
Afar_language,Horn of Africa,2.5 million (2018–2020)[1]
Aguacateco_language,Huehuetenango,"10,100 in Guatemala (2019 census)[1]20 in Mexico (2020 census)[2]"
Aghul_language,Southeastern Dagestan,"29,300 (2010 census)[1]"
Ahtna_language,Alaska (Copper River region),15 (2020)[1]30 (2011)[2]
Ainu_language,Japan,"25,000 (1986) to ca. 200,000 (no date) Ainu people[1]"
Akan_language,Akan,"Niger–Congo?

Atlantic–CongoVolta-CongoKwaPotou–TanoTanoCentral TanoAkan"
Akkadian_language,c. 2500–500 BC; academic or liturgical use until AD 100,"
Old Akkadian[1][2]
Assyrian
Babylonian[3]
Canaano-Akkadian[4][5]
"
Aklanon_language,"Aklan, northwestern Capiz, northern Antique, and southern Romblon","560,000 (2010)[1][needs update]"
Akum_language,Taraba State,"1,400 in Cameroon (2002)[1]few in Nigeria (no date), three villages[1]"
Alabama_language,"Currently in Texas, Formerly in Oklahoma and Alabama",approx. 370 (2015 census)[1]
Albanian_language,"
Albania
Kosovo
Greece
Italy
Montenegro
North Macedonia
Serbia
",7.5 million (2017)[1][2]
Aleut_language,"Alaska (Aleutian, Pribilof Islands, Alaskan Peninsula west of Stepovak Bay), Kamchatka Krai (Commander Islands)",<80 (2022)[1]in Alaska; extinct in Russia 2021
Algonquin_language,Quebec and into Ontario,"3,330 (2016 census)[1]"
Altai_language,"Altai Republic, Altai Krai, Kemerovo Oblast","125,700 (Total of Southern and Northern Altai speakers)[1][failed verification][2][failed verification]"
Alyutor_language,Kamchatka,25 (2010 census)[1]
Amdang_language,Wadi Fira,"41,000 (2000)[1]"
Amo_language,Plateau and Kaduna and Kano states,"Niger–Congo?

Atlantic–CongoBenue–CongoKainjiEast KainjiMap"
Apache_language,Dené–Yeniseian?Na-DenéAthabaskan–EyakAthabaskanSouthern Athabascan,apa
Arabela_language,400 Arabela (2007)[1],"Zaparoan

Arabela–AndoaArabela"
Aragonese_language,Spain,Aragonese
Arapaho_language,"Wind River Indian Reservation, Wyoming; Oklahoma","1,100 (2015)[1]"
Arb%C3%ABresh_language,Italy,Arbëreshë
Archi_language,"Archib, Dagestan","Northeast Caucasian

Lezgic[2]Archi"
Arikara_language,North-central North Dakota,10 (2007)[2]
Arin_language,Yenisei River,"Dené–Yeniseian?

YeniseianSouthern YeniseianArin–PumpokolArin"
Armenian_language,ArmeniaGeorgiaIranTurkey,5.3 million[a] (2013–2021)[1]
Aromanian_language,Balkans,"210,000 (2018)[1]"
Arpitan_language,"Italy, France and Switzerland","157,000 (2013)[1]80,000 in France, 70,000 in Italy and 7,000 in Switzerland[2]"
Arrernte_language,"Arrernte people, Alyawarre, Anmatyerre, Ayerrereng, Yuruwinga","Pama–Nyungan

ArandicArrernteUpper Arrernte"
Assamese_language,India,Assamese
Assiniboine_language,"Saskatchewan, Canada
Montana, United States","150, 4.3% of ethnic population (2007)[1]"
Asturian_language,Asturias,62% of Asturians[1] (2017)
Atikamekw_language,Quebec,"6,200 (2016 census)[1]"
Avar_language,Avars,"Northeast Caucasian

Avar–AndicAvar"
Avestan_language,"Late Bronze Age, Iron Age","
Avestan alphabet
Gujarati script and Devanagari script (used by Indian Zoroastrians)
"
Aweer_language,"Coast Province, North-Eastern Province","7,600 (2009 census)[1]"
Awjila_language,Cyrenaica,"Afro-Asiatic

BerberEasternAwjila Berber language"
Aymara_language,BoliviaChilePeruArgentina,1.7 million (2007–2014)[1]
%C3%84ynu_language,Xinjiang,"12,000 (2017)[1]"
Azerbaijani_language,AzerbaijanIranRussiaTurkeyIraq[a]Georgia,Azerbaijanis
Azoyu_Me%E2%80%99phaa_language,"Guerrero, Morelos","150,000 (2020 census)[1]"
Babine_language,British Columbia,135 (2016 census)[2]
Baga_language,Baga,"Niger–Congo?

Atlantic–CongoMelTemneBaga languagesBaga"
Bai_language,"Bai, Hui[1]","Sino-Tibetan

Sinitic?[3]Macro-Bai?Bai"
Baki_language,Epi Island,"Austronesian

Malayo-PolynesianOceanicSouthern OceanicNorth-Central VanuatuCentral VanuatuEpi-EfateEpiBaki"
Balinese_language,"Bali, Nusa Penida, Lombok, Java",3.3 million (2000 census)[1]
Balti_language,"Baltistan, Ladakh","425,000 in Pakistan (2018) Total users in all countries: 438,800 (2018)[1]"
Bambara_language,central southern Mali,L1:  4.2 million (2012)[1]L2: 10 million (2012)[1]Spoken to varying degrees by 80% of the population of Mali[citation needed]
Basa-Gumna_language,Chanchaga,"Niger–Congo?

Atlantic–CongoBenue–CongoKainjiBasa languagesKontagora–GumnaBasa-Gumna"
Bashkir_language,Bashkortostan (Russian Federation),Bashkirs
Basque_language,"Spain, France",Basque
Bassa_language,"410,000 (2006)[1]",Bassa Vah alphabet (Vah)
Belarusian_language,Belarus,5.1 million[1] (2009 census)1.3 million L2 speakers (2009 census)[1]
Bemba_language,"Bemba, Bangweulu Batwa","Niger–Congo?

Atlantic–CongoVolta-CongoBenue–CongoBantoidSouthern BantoidBantu (Zone M.40–50)SabiSouth SabiBemba"
Bengali_language,Bangladesh and India,Bengalis
Berta_language,Benishangul-Gumuz,"380,000 all Berta languages (2006–2007)[1]100,000 monolinguals in Ethiopia[1]"
Betawi_language,JakartaWest JavaBantenCocos (Keeling) Islands,5 million (2000 census)[1]
Bezhta_language,North Caucasus,Bezhta people
Bijago_language,Offshore Bissagos Islands,"Niger–Congo?

Atlantic–CongoAtlanticSenegambianBakBidyogo"
Central_Bikol_language,Bicol,(2.5 million cited 1990 census [needs update])[1]6th most spoken native language in the Philippines[2]
Blackfoot_language,"Piikani Nation, Siksika Nation, and Kainai Nation in southern Alberta; Blackfeet Nation in Montana","2,900 (2016)[1]"
Bodo_language,Bodoland (Assam),1.4 million (2011 census)[1]
Bosnian_language,"Bosnia and Herzegovina (Bosnia), Sandžak (Serbia and Montenegro) and Kosovo",2.6 million (2020)[1]
Breton_language,Brittany (France),Bretons
Buginese_language,"South Sulawesi; enclaves elsewhere in Sulawesi, Borneo, Sumatra, Maluku, Papua","L1: 3.5 million L2: 500,000 (2015 UNSD)[1]"
Buhid_language,Mimaropa,"Austronesian

Malayo-PolynesianPhilippineGreater Central PhilippineSouth MangyanBuhid"
Bulgarian_language,"
Bulgaria
North Macedonia[1][2]
Russia
Ukraine
Moldova
Romania
Hungary
Serbia
Kosovo
Albania[3]
Greece
Turkey
",L1: 7.6 million in Bulgaria (2011 census)[4]L1 + L2: c. 10 million in all countries (2023)[5]
Burmese_language,"MyanmarChina (Dehong)Thailand (Mae Hong Son)India (Mizoram, Manipur and Tripura)Bangladesh (Chittagong)",Bamar
Buryat_language,"Buryats, Barga Mongols","Mongolic

Central MongolicBuryat–MongolianBuryat"
Bussa_language,"Dirashe special woreda, Southern Ethiopia","Afro-Asiatic

CushiticLowland EastOromoidKonsoidBussa"
Caddo_language,Caddo County in western Oklahoma,2 (2023)[2]
Cahto_language,California (Eel River),"Dené–Yeniseian?

Na-DenéAthabaskanPacific Coast AthabaskanCalifornia AthabaskanKato"
Cahuarano_language,ca. 1990[1],cah
Cahuilla_language,United States,"3,000—5,000 Cahuilla[1]"
Canichana_language,Beni Department,"Tequiraca–Canichana?

Canichana"
Carrier_language,Central Interior of British Columbia,"1,270 (2016 census)[1]"
Catalan_language,"Andorra, France, Italy, Spain",AragoneseBalearsCatalansValenciansAndorrans
Catawba_language,South Carolina,"Siouan

Catawban (Eastern Siouan)Catawba"
Cayuga_language,Ontario: Six Nations of the Grand River First Nation; New York (state): Cattaraugus Reservation,"Iroquoian

NorthernLake IroquoianFive NationsCayuga"
Cebuano_language,"Central Visayas, eastern Negros, western parts of Eastern Visayas, and most parts of Mindanao",28.9 million (2020)[1]
Chakma_language,"Chittagong Hill TractsCADC, MizoramTripuraArunachal Pradesh","150,000 in Bangladesh (2007)[1]228,000 in India (2011)[1]"
Cham_language,Cambodia and Vietnam,Cham
Chamorro_language,Chamorro,"Austronesian

Malayo-PolynesianChamoru"
Chechen_language,North Caucasus,Chechens
Cherokee_language,North America,Cherokee
Chewa_language,Southeast Africa,14 million (2012–2020)[1]
Cheyenne_language,Montana and Oklahoma,380 (2020)[1]
Chickasaw_language,"South central Oklahoma, from Byng or Happyland (near Ada) north, and from Davis or Ardmore west to Fillmore and Wapanucka in east.",75 (2017)[1]
Chinese_language,1.35 billion (2017–2022)[1],"Proto-Sino-Tibetan
Old Chinese
Eastern Han Chinese
Middle Chinese[a]



"
Classical_Chinese_language,Originally written c. 5th century BCE – c. 2nd century CEwidely used as a literary language until the 20th century,lzh
Chipewyan_language,"Northern Alberta, Saskatchewan, Manitoba; southern Northwest Territories and Nunavut","11,325, 41% of ethnic population (2016 census)[2]"
Chittagonian_language,Bangladesh,Bengali[3][4]
Chocangaca_language,"(20,000 cited 1993)[1]",Tibetan alphabet
Choctaw_language,"From Southeastern Oklahoma, to east-central Mississippi and into Louisiana and Tennessee","9,600 (2015 census)[1]"
Chukchi_language,Russia,Chukchi
Chulym_language,Russia,355 Chulyms (2010 census)[1]
Chuvash_language,Russia,1.05 million Chuvash (2020 census)[1]
Cimbrian_language,400 (2000)[1], Italy Trentino
Comanche_language,United States,Comanche
Coptic_language,Copts,"Afro-Asiatic

EgyptianCoptic"
Coptic_language,Copts,"Afro-Asiatic

EgyptianCoptic"
Cornish_language,United Kingdom,Cornish
Corsican_language,FranceItaly,Corsicans
Cree_language,Cree,"Algic

AlgonquianCree-Montagnais-Naskapi[2]Cree"
Crimean_Tatar_language,Eastern Europe,"580,000 (2001–2019)[1]"
Croatian_language,"Croatia, Bosnia and Herzegovina, Hungary (Bácska), Montenegro (Bay of Kotor), Romania (Caraș-Severin County), Serbia (Vojvodina)[1]",Croats
Cupe%C3%B1o_language,Cupeño,"Uto-Aztecan

Northern Uto-AztecanTakicCupanCahuilla–CupeñoCupeño"
Czech_language,Czechs,"Indo-European

Balto-SlavicSlavicWest SlavicCzech–SlovakCzech"
Dair_language,Nuba Mountains,"Nilo-Saharan?

Eastern SudanicAstaboranNubianHill NubianDair"
Dakota_language,"United States, Canada","DakotaSantee, Sisseton, Yankton, Yanktonai"
Danish_language,DenmarkSchleswig-Holstein (Germany),"
Danes
"
Dargwa_language,Dagestan,"490,000 (2010 census)[1]"
Dhivehi_language,MaldivesMinicoy Island (Maliku),"340,000 (2012)[1]"
Dolgan_language,Russia,Dolgans
Domari_language,"Middle East and North Africa, Caucasus, Central Asia","280,000 (2015)[2]"
Drehu_language,"unknown; est. 13,000 includes many L2 speakers (2009)[1]",dhv
Dungan_language,Central Asia,Dungan
Dukhan_language,Khövsgöl Province,(undated figure of 500)[1]
Dutch_language,"
Kingdom of the Netherlands
Belgium
Suriname
France (Nord)
",25 million (2021)[1]Total (L1 plus L2 speakers): 30 million (2021)[2][3]
E_language,"5,000 (2016)[1]",eee
English_language,"United Kingdom, Anglo-America, Australia, Ireland, New Zealand and other locations in the English-speaking world","Indo-European

GermanicWest GermanicNorth Sea GermanicAnglo-FrisianAnglicEnglish"
Erzya_language,"Mordovia, Nizhny Novgorod, Chuvashia, Ulyanovsk, Samara, Penza, Saratov, Orenburg, Tatarstan, Bashkortostan","300,000 claimed to speak ""Mordovin"" while 50,000 claimed to speak ""Erzya-Mordvin"" (2020 census)[1]"
Estonian_language,Estonians,"Uralic

Finno-UgricFinno-Permic?Finno-Samic?FinnicSouthern FinnicCentral Finnic?Estonian"
Even_language,Russian Far East,"5,700 (2010 census)[1]"
Evenki_language,Inner Mongolia and Heilongjiang in China; Krasnoyarsk Krai in Russia,"16,000 (2007–2010)[2]"
Ewe_language,Southern Ghana east of the Volta River,5.0 million (2013–2019)[1]
Extremaduran_language,ExtremaduraCastile and León (southern Salamanca province),"(200,000 cited 1994)[1]"
Eyak_language,United States,Eyak
Fala_language,NW Extremadura,"Indo-European

ItalicLatino-FaliscanLatinRomanceItalo-WesternWesternIbero-RomanceWest IberianGalician-PortugueseFala"
Faroese_language,Faroe Islands,"69,000 (2015)[1]"
Fijian_language,Fijians,"Austronesian

Malayo-PolynesianOceanicCentral PacificEast Fijian – PolynesianEast FijianFijian"
Filipino_language,Philippines,Filipinos
Finnish_language,"Finland, Sweden, Norway (in small areas in Troms og Finnmark), Russia","5.8 million Finland: 5.4 million Sweden: 0.40 million Norway: 8,000 (Kven)  Republic of Karelia: 8,500  US: 26,000 (2020)[1]"
Fon_language,Fon people,"Niger–Congo?

Atlantic–CongoVolta-CongoVolta–NigerGbeFon"
French_language,"France, Belgium, Switzerland, Monaco, Francophone Africa, Canada, and other locations in the Francophonie","Indo-European

ItalicLatino-FaliscanRomanceItalo-WesternWestern RomanceGallo-RomanceOïlFrench"
North_Frisian_language,North Frisia,"(10,000 cited 1976)[1]"
Saterland_Frisian_language,Saterland,"2,000 (2015)[1]"
West_Frisian_language,Netherlands,West Frisians
Fula_language,Sahel,L1: 37 million (2014–2021)e66L2: 2.7 million (2019)[1]
Ga_language,"South-eastern Ghana, around Accra","745,000 (2016)[1]"
Gagauz_language,"Moldova, Ukraine, Russia, Turkey",Gagauz
Galician_language,Galicia and adjacent areas in Asturias and Castile and León,2.4 million (2012)[1]58% of the population of Galicia (c. 1.56 million) are L1 speakers (2007)[2]
Gallo_language,Upper Brittany,"Indo-European

ItalicLatino-FaliscanRomanceItalo-WesternWestern RomanceGallo-RomanceGallo-Rhaetian[2] (possibly)OïlGallo"
Garre_language,"Mandera, Bay region, Lower Shabelle","690,000 (2019)[1]"
Georgian_language,Georgia,Georgians
German_language,L1: 95 million[1]L2: 80–85 million (2014)[2],"Old High German
Middle High German
Early New High German


"
Gikuyu_language,Kenya,Agĩkũyũ
Godoberi_language,Southwestern Dagestan,130 (2010 census)[1]
Gothic_language,attested 3rd–10th century; related dialects survived until 18th century in Crimea,"
Crimean Gothic †
"
Greek_language,"
Greece
Cyprus
Albania (Gjirokastër County and Vlorë County)
Italy (Calabria, Salento and Messina)
and other regions of the Balkans, Black Sea coast, Asia Minor and Eastern Mediterranean
",13.5 million (2012)[1]
Greenlandic_language,"Greenland, Denmark","57,000 (2007)[1]"
Guaran%C3%AD_language,Paraguay,6.5 million (2020)[1]
Gujarati_language,India,Gujaratis
Gumuz_language,Benishangul-Gumuz Region; Amhara Region; Blue Nile State,"Ethiopia: 160,000 (2007 census)[1]Sudan: 88,000 (2017)[1]"
Gurung_language,Gurung people (Tamu),"Sino-Tibetan

TamangicGurung"
Gwich%27in_language,"Canada (Northwest Territories, Yukon), United States (Alaska)",ca. 560 (2007–2016)[1]
Haida_language,Haida people,Language isolate
Harari_language,Harari Region,"27,000 (2007 census)[1][2][3]"
Hausa_language,West Africa,L1: 52 million (2007–2021)[1]L2: 27 million (2018–2021)[1]
Hawaiian_language,Hawaiʻi (Niʻihau)[1],"Native: 2,000 (2007)[2]"
Hebrew_language,Israel,Israelites; Jews and Samaritans
Herero_language,"Kunene, Omaheke Region and Otjozondjupa Region in Namibia; Ghanzi in Botswana; Namibe, Huíla and Cunene in Angola","250,000 (2015–2018)[1]"
Hiligaynon_language,Philippines,Hiligaynon
Himba_language,100 (2007)[1],sbw
Hindustani_language,India and Pakistan,Hindustanis
Hinuq_language,North Caucasus,Hinukh people
Hmong_language,"China, Vietnam, Laos, Myanmar and Thailand",8.0 million[1]
Hopi_language,Northeastern Arizona,"6,100 (2015 census)[1]40 monolinguals[1]"
Hungarian_language,"Hungary and areas of east Austria, Croatia, Romania, northern Serbia, Slovakia, Slovenia, western Ukraine",17 million (2003–2014)[1]
Icelandic_language,Iceland,"(undated figure of 330,000)[1]"
Igala_language,Igala,"Niger–Congo?

Atlantic–CongoVolta-CongoVolta–NigeryeaiYoruboidIgala"
Igbo_language,Nigeria,Igbo
Ik_language,Ik people,"Nilo-Saharan?

KuliakIk"
Ilocano_language,"Northern Luzon, many parts of Central Luzon and a few parts of the Soccsksargen region in Mindanao","6,370,000 (2005)[1]2 million L2 speakers (2000)[2] Third most spoken native language in the Philippines[3]"
Indonesian_language,Indonesia,L1 speakers: 43 million (2010 census)[1]L2 speakers: 156 million (2010 census)[1] Total speakers: 300 million (2022)[2]
Ingush_language,North Caucasus,Ingush
Inupiaq_language,Alaska; formerly Big Diomede Island,"1,250 fully fluent speakers (2023)[1]"
Irish_language,Ireland,"L1: unknownPeople aged 3+ stating they could speak Irish ""very well"":(ROI, 2022) 195,029Daily users outside education system:(ROI, 2022) 71,968(NI, 2021) 43,557L2: unknownPeople aged 3+ stating they could speak Irish:(ROI, 2022) 1,873,997(NI, 2021) 228,600"
Istro-Romanian_language,Istria,"300 (2007)[1]L2 speakers: 1,100 (2007)[1]"
Italian_language,"
Italy
San Marino
Vatican City
Switzerland (Ticino and Italian Grisons)
Slovenia (Slovenian Littoral)
Croatia (Western Istria)
",L1: 65 million (2022)[1]L2: 3.1 million[1]Total: 68 million[1]
Iu_Mien_language,"China, Vietnam, Laos, Thailand,Communities in United States, and France.","Hmong–Mien

MienicMian–JinIu Mien"
Ivatan_language,Batanes Islands,"(33,000 cited 1996–2007)[1]"
Japanese_language,Japan,~128 million (2020)[1]
Javanese_language,Indonesia,82 million (2007)[1]
Kabardian_language,Russia (in parts of Kabardino-Balkaria and Karachay-Cherkessia),"Kabardians, Cherkesogai"
Kabyle_language,Algeria,Kabyles
Jingpo_language,"Myanmar, China, India",Jingpho
Kaingang_language,"São Paulo, Santa Catarina, Paraná, Rio Grande do Sul","(18,000 cited 1989)[1]"
Kaixana_language,mid-20th century,None (mis)
Kapampangan_language,Philippines,Kapampangan
Kanuri_language,Lake Chad,(9.5 million cited 1982-2021)[1]
Karakalpak_language,Karakalpakstan,"5,800,000 (2024)[1]"
Karamojong_language,Karamoja,"691,000 (2014 census)[1]"
Karelian_language,"Republic of Karelia, Tver Oblast (Tver Karelia)","8,753 (Russia) (2020)[1]11,000 (Finland)[2]"
S%27gaw_Karen_language,"Myanmar, Thailand",Karen
Karenni_language,Karenni,"Sino-Tibetan

Karen languagesSgaw–BghaiKarenni"
Kashmiri_language,"Kashmir (Kashmir division and parts of Chenab valley, Jammu and Kashmir,[1] parts of northern Azad Kashmir)",7.1 million (2011)[1]
Kashubian_language,Kashubia,"87,600 (2021 census)[1]"
Kazakh_language,"Kazakhstan, China, Mongolia, Russia, Kyrgyzstan, Uzbekistan",Kazakhs
Kendeje_language,Ouaddaï,"Nilo-Saharan?

MabanKenjeje"
Ket_language,Krasnoyarsk Krai,153 (2020)[1]
Khakas_language,Khakassia,"43,000 (2010 census)[1]"
Khanty_language,Khanty–Mansi,"14,000 (2020 census)[1]"
Khmer_language,CambodiaThailand (East and Isan)Vietnam (Mekong Delta and Southeast),L1: 17 million (2020)[1]L2: 1 million (no date)[1]
Khoekhoe_language,"Orange River, Great Namaland, Damaraland","200,000 ± 10,000 (2011)[1]"
Khowar_language,Chitral District,"580,000 (2020)[1]"
Khmu_language,Khmu,"Austroasiatic

KhmuicKhmu"
Kimki_language,"Papua: Pegunungan Bintang Regency, Batom District, near Sepik River entrance to Papua New Guinea","Pauwasi

Yetfa – South PauwasiSouth PauwasiKimki"
Komi_language,"Komi Republic, Nenetsia, Permyakia, Yamalia, Yugra, elsewhere in Russia","Uralic

Finno-UgricPermicKomi"
Korean_language,Korea,82 million (2020)[2]
Koryak_language,Koryak Okrug,"1665, 21% of ethnic population (2010 census)[1]"
Kosraean_language,Kosrae,"Austronesian

Malayo-PolynesianOceanicMicronesianMicronesian ProperNuclear MicronesianKosraean"
Kunama_language,"western Eritrea, northern Ethiopia","240,000 (2020)[1]"
Kumyk_language,"Dagestan, Chechnya, North Ossetia","450,000 (2010 census)[1]"
Kutchi_language,Kutch (India)Sindh (Pakistan)[a],"1,031,000 (in India) (2011)[2]"
Kwadi_language,ca. 1960,kwz
Kyrgyz_language,"Kyrgyzstan, Afghanistan, Tajikistan, Pakistan, China",Kyrgyz
Laal_language,"Gori, Damtar, Mailao villages in Moyen-Chari prefecture",language isolate
Ladakhi_language,Ladakh,"14,952 (2011 Census)[1]"
Ladin_language,Ladinia (Trentino-Alto Adige/SüdtirolVeneto),"41,129 (2006[1]–2011[2][3])"
Lakha_language,"(8,000 cited 1993)[1]",Tibetan script
Lakota_language,"United States, with some speakers in Canada",Teton Sioux
Lao_language,"LaosThailand (Isan)Cambodia (Stung Treng, Preah Vihear and Ratanakiri)Vietnam (Điện Biên, Lai Châu and Sơn La)China (Xishuangbanna)",(undated figure of 30 million)[1]
Latvian_language,Latvia,Latvians
Laz_language,Laz,"Kartvelian languages

Karto-ZanZanLaz"
Leonese_language,"Provinces of León (north and west), Zamora (north-west) in Castilla y León, in Spain,[1][2][3] and the towns of Rionor and Guadramil in northeastern Portugal;[4][5] Mirandese dialect in Portugal.","Indo-European

ItalicLatino-FaliscanLatinRomanceItalo-WesternWesternIbero-RomanceWest IberianAsturleoneseLeonese"
Lepcha_language,"66,500 (2011-2013)[1][2]",Lepcha scriptTibetan script
Limbu_language,Nepal; significant communities in Bhutan; Sikkim and Darjeeling district of India,"380,000 (2011 census)[1]"
Lisu_language,Lisu,"Sino-Tibetan

Tibeto-BurmanLolo–BurmeseLoloishLisoishLisu–LaloLisu"
Lithuanian_language,Lithuania,Lithuanians
Livonian_language,Livonian Coast,"2 June 2013, with the death of Grizelda Kristiņa (initial)[1][2]"
Luba-Kasai_language,"Kasai
Kasai-Occidental
Kasai-Oriental
",(6.4 million Cilubaphones cited 1991)[2]
Luganda_language,Buganda,L1: 5.6 million (2014)[1]L2: 5.4 million (2014)[1]
Luise%C3%B1o_language,Southern California,early 2010s[1]
Luri_language,Iran; a few villages in eastern Iraq[1][2],Lurs
Maasai_language,Central and Southern Kenya and Northern Tanzania,1.5 million (2009 census – 2016)[1]
Macedonian_language,"North Macedonia, Albania, Bulgaria, Greece, Romania, Serbia",Macedonians
Madurese_language,"Island of Madura, Sapudi Islands, Java, Singapore and Malaysia (as Boyanese)",6.7 million (2011)[1]
Maguindanao_language,"Maguindanao del Norte, Maguindanao del Sur, Sultan Kudarat, North Cotabato, South Cotabato, Sarangani, Zamboanga del Sur, Zamboanga Sibugay, Davao del Sur, Davao del Norte, Davao Occidental","2,021,099 - 3,219,000 (2020)[1]"
Magar_language,Nepal; significant communities in Bhutan; Sikkim; Assam and Darjeeling district of India,"840,000 (2001–2006)[1]"
Maithili_language,India and Nepal,Maithil
Makassarese_language,South Sulawesi (Sulawesi),2.1 million (2000 census)[1]
Malagasy_language,Malagasy,"Austronesian

Malayo-PolynesianWestern IndonesianBaritoEast BaritoMalagasy"
Malay_language,"Brunei, East Timor, Indonesia, Malaysia, Singapore, Southern Thailand, Christmas Island, Cocos (Keeling) Islands",L1 – 77 million (2007)[2]Total (L1 and L2): 200–290 million (2009)[3]
Maltese_language,Malta,"570,000 (2012)[1]"
Manchu_language,Manchuria,20 native speakers[1] (2007)[2]Thousands of second language speakers[3][4][5]
Manx_language,Isle of Man,27 December 1974 (death of Ned Maddrell)[1]
Marathi_language,India,Marathis
Marshallese_language,Marshallese,"Austronesian

Malayo-PolynesianOceanicMicronesianMicronesian ProperNuclear MicronesianMarshallese"
Marwari_language,"India, Pakistan",Marwari
Masalit_language,"West Darfur, South Darfur (Sudan), Ouaddaï, Sila (Chad)","460,000 (2011–2019)[1]"
Meadow_Mari_language,Mariy El Republic,"Uralic

MariMeadow Mari"
Meitei_language,Northeast India and Neighbouring areas of Bangladesh and Myanmar,L1 & L2 combined: 3 million[1]L1 only: 1.8 million (2003–2011)[2]
Miami-Illinois_language,United States,mid-20th century[1]
Mon_language,"Myanmar
Mon State
Kayin State
Tanintharyi Region
",Mon
Mongolian_language,Mongolian Plateau,"Mongols, Buryats"
Montenegrin_language,Montenegro,(see text)
Muscogee_Creek_language,"East central Oklahoma, Muscogee and Seminole, south Alabama Creek, Florida, Seminole of Brighton Reservation.","4,500 (2015 census)[1]"
Musgu_language,Musgum,"Afro-Asiatic

ChadicBiu–MandaraEast–CentralMunjuk (B.2)Musgu"
Muskum_language,Late 1970s[1],mje
Mussau-Emira_language,Islands of Mussau and Emirau (New Ireland Province),"Austronesian

Malayo-PolynesianOceanicSt. MatthiasMussau-Emira"
M%C4%81ori_language,New Zealand,Māori
Nagumi_language,ca. 2000[1],ngv
Nahuatl_language,Mexico: Puebla Veracruz Hidalgo Guerrero San Luis Potosí State of Mexico Nuevo León Mexico City Morelos Tlaxcala Jalisco Tamaulipas Oaxaca Michoacán Durango Chihuahua  Communities in: USEl SalvadorNicaraguaGuatemalaHondurasCosta RicaCanada,1.7 million in Mexico (2020 census)[2]
Naukan_Yupik_language,Bering Strait region (or Chukchi Peninsula),"60, 13% of ethnic population (2010)[2]"
Navajo_language,"Arizona, New Mexico, Utah, Colorado","170,000 (2019 census)[1]"
Ndyuka_language,"Ndyuka, Aluku, Paramaccan","English Creole

AtlanticSurinameNdyuka"
Nepali_language,NepalBhutanIndia,Khas people
Ngbee_language,Mangbele,"Niger–Congo?

Atlantic–CongoBenue–CongoBantoidBantuBoanBomokandianNgbele–NgendaNgbee"
Nihali_language,"5,000 Nihali",Language isolate
Northern_Thai_language,"Thailand (Chiang Mai, Lamphun,Lampang, Uttaradit,Phrae, Nan, Phayao,Chiang Rai, Mae Hong Son and Communities throughout Thailand)Myanmar (Tachileik, Myawaddy)Laos (Houayxay, Ton Pheung)",Northern Thai
Norwegian_language,Norway,4.32 million (2020)[1]
Nottoway_language,Virginia,"Iroquoian

NorthernTuscarora–NottowayNottoway"
Nuosu_language,"Southern Sichuan, northern Yunnan",2 million (2000 census)[1]
Nyangia_language,"10,000 (2014 census)[1]","Nilo-Saharan?

KuliakNyang'i–SooNyang'i"
Occitan_language,Occitania,"(c. 200,000 cited 1990–2012)[1]Estimates range from 100,000 to 800,000 total speakers (2007–2012),[2][3] with 68,000 in Italy (2005 survey),[4] 4,000 in Spain (Val d'Aran)[5]"
Odia_language,India,Odias
Oirat_language,"Khovd, Uvs,[2] Bayan-Ölgii,[3] Kalmykia, Xinjiang, Gansu, Qinghai","368,000, 58% of ethnic population (2007–2010)[4]"
Oirata_language,"Maluku Islands (Kisar, Ambon)","Trans–New Guinea ?

West Bomberai ?Timor–Alor–PantarEastern TimorOirata–FatalukuOirata"
Ojibwe_language,"Canada, United States",Ojibwe people
Omotik_language,"Great Rift Valley, Kenya",(50 older adults cited 1980)[1]
Onge_language,India,101 Onge people (2011 census)
Ontong_Java_language,Ontong Java Atoll,"Austronesian

Malayo-PolynesianOceanicPolynesianElliceanOntong Java"
Oroch_language,Russian Far East,43; 28 (declared to be used in everyday life) (2021 census)[1]
Orok_language,"Sakhalin Oblast (Russian Far East), Hokkaido",26–47 (2010 census)[1]
Oromo_language,Oromia,"37.4 million (all countries) (2018)[2]36.6 million in Ethiopia, 627,000 in Kenya,[3] 96,000 in Sudan,[4] 41,600 in Somalia[1]"
Ossetian_language,Ossetia,"700,000 Ossetians"
Palula_language,Pakistan,Palula
Pandan_Bikol_language,Pandan and north-east Catanduanes,"78,000 (2000 census)[1]"
Pangasinan_language,Philippines,Pangasinan
Paratio_language,(date missing),None (mis)
Parya_language,"Gissar Valley, Surkhandarya basin","Indo-European

Indo-IranianIndo-AryanCentral ZoneWestern HindiParya"
Persian_language,Iran[1]Afghanistan[1] (as Dari)Tajikistan[1] (as Tajik)Uzbekistan (as Tajik) [2]Iraq[3]Turkmenistan[4]Azerbaijan (as Tat)[5]Russia (Dagestan; as Tat)[5]Kuwait[6],"Indo-European

Indo-IranianIranianWestern IranianSouthwestern IranianPersian"
Phoenician_language,attested in Canaan proper from the 11th century BC to the 2nd century BC[1],Phoenician alphabet
Pipil_language,"Sonsonate, Ahuachapán, La Libertad, San Salvador, Escuintla, Rivas, Bagaces, Olancho",500 (2015)[4]
Pirah%C3%A3_language,Brazil,Pirahã
Pitjantjatjara_language,"Northwest South Australia, Pitjantjatjara freehold lands, Yalata; southwest corner, Northern Territory; also in Western Australia","3,458 (2021 census)[1]"
Plautdietsch_language,"Argentina, Belize, Bolivia, Brazil, Canada, Germany, Kazakhstan, Mexico, Paraguay, Peru, United States, Uruguay","Indo-European

GermanicWest GermanicNorth Sea GermanicLow GermanLow Prussian?Plautdietsch"
Polish_language,Poland,"Indo-European

Balto-SlavicSlavicWest SlavicLechiticPolish"
Portuguese_language,"Portugal, Brazil, Lusophone Africa, and other locations in the Lusosphere","Indo-European

ItalicLatino-FaliscanLatinRomanceItalo-WesternWestern RomanceGallo-IberianIberian RomanceWest IberianGalician–PortuguesePortuguese"
Punjabi_language,Pakistan and India,Punjabis
Quinqui_language,Edges of towns,quq
Raga_language,Vanuatu,"6,500 (2001)[1]"
Rinconada_Bikol_language,Philippines,"230,000 (2000 census)[1]"
Rohingya_language,Rakhine State (Myanmar) and southeastern Chittagong Division (Bangladesh),2.5 million (2017)[1]
Romani_language,4.6 million (2015)[1][2],"
Balkan Romani (including Zargari Romani)
Baltic Romani
Carpathian Romani
Northern Romani (including Finnish Kalo, Sinte Romani, Welsh Romani)
Vlax Romani
"
Romanian_language,"Romania, Moldova",Romanians(including Moldovans)
Ramanos_language,recorded ca. 1790,None (mis)
Romansh_language,Switzerland,Romansh
Russian_language,"Russia, other areas of the Russian-speaking world","Indo-European

Balto-SlavicSlavicEast SlavicRussian"
Rusyn_language,"70,000 (2001–2013)[1]Slovakia – 38,679[2]Serbia – 15,626[3]Poland – 10,000[4]Ukraine – 6,725[5]Croatia – 2,337[6]Hungary – 1,113[7]Czech Republic – 777[8]","Proto-Indo-European
Proto-Balto-Slavic
Proto-Slavic
Old East Slavic[9]
Ruthenian




"
Ruthenian_language,"Developed into Belarusian, Ukrainian and Rusyn","Proto-Indo-European
Proto-Balto-Slavic
Proto-Slavic
Old East Slavic



"
Rotokas_language,Bougainville,"North Bougainville

Askopan–RotokasRotokas"
Sadri_language,"West Central Chota Nagpur (Jharkhand,  Chhattisgarh, Odisha and Bihar)",L1: 5.1 million (2011 census)[1][2][3][4]L2: 7.0 million (2007)[4]
Inari_S%C3%A1mi_language,Inari Sámi people,"Uralic

SámiEasternInari Sámi"
Samoan_language,Asia-Pacific,"510,000 (2015)[1]"
Sardinian_language,Italy,Sardinians
Sasak_language,Lombok,2.7 million (2010)[1]
Saurashtra_language,"Tamil Nadu, Andhra Pradesh, Karnataka","247,702 (2011 census)[1]"
Scots_language,"United Kingdom, Republic of Ireland",Scots
Serbian_language,SerbiaBosnia and HerzegovinaMontenegroKosovo,Serbs
Serer_language,1.7 million (2017–2022)[1],"
Seereer-Siin
"
Shan_language,Myanmar,"Shan, Dai, Kula"
Sherpa_language,"Nepal, Sikkim, Tibet","170,000 (2001 & 2011 census)[1]"
Shona_language,Southern Africa,"6.5 million, Shona proper (2000 to 2007)[1]5.50 million Zezuru, Karanga, Chimanyika, Korekore (2000) 5.8 million incl. Manyika, (2000–2006)[2]"
Sicilian_language,Sicily,4.7 million (2002)[1]
Sikkimese_language,Sikkimese,"Sino-Tibetan

Tibeto-BurmanTibeto-Kanauri (?)BodishTibeticDzongkha–LhokäSikkimese"
Silesian_language,"Poland (Silesian Voivodeship, Opole Voivodeship)Czech Republic (Moravia–Silesia, Jeseník)",Silesians
Sindhi_language,Sindh and near the border in neighbouring regions (e.g. Kutch and Balochistan),c. 32 million (2011–2017)[1]
Sinhala_language,Sri Lanka,L1: 16 million (2019)[1]L2: 2.0 million  (1997)[1]
Slovak_language,"Slovakia, Czech Republic, Hungary, Carpathian Ruthenia and Vojvodina[1]",Native: 5 million (2011–2021)[2]L2: 2 million[2]
Slovene_language,SloveniaItaly (Friuli-Venezia Giulia)Austria (Carinthia and Styria)Hungary (Vas County),2.5 million (2010)[4]
Somali_language,Somalis,"Afro-Asiatic

CushiticLowland East CushiticMacro-SomaliSomali languagesSomali"
Sotho_language,"
Lesotho
South Africa
Zimbabwe
",5.6 million (2001–2011)[1]7.9 million L2 speakers in South Africa (2002)[2]
Spanish_language,Native: 500 million (2023)[1]Total: 600 million[1]100 million speakers with limited capacity (23 million students)[1],"Vulgar Latin
Old Spanish
Early Modern Spanish


"
Stellingwerfs_language,"Northeast, Stellingwerven region, Friesland province. Centers are Oosterwolde and Wolvega.","Indo-European

GermanicWest GermanicNorth Sea GermanicLow GermanLow SaxonWestphalian[citation needed]Stellingwarfs"
Sundanese_language,Indonesia,Sundanese(Badui • Bantenese • Ciptagelar • Cirebonese • Priangan)
Sumerian_language,Mesopotamia (modern-day Iraq),Language isolate
Surajpuri_language,"Bihar, West Bengal","Indo-European

Indo-IranianIndo-AryanEasternBengali–AssameseSurjapuri"
Susuami_language,"Upper Watut valley, Morobe Province","Trans–New Guinea

AnganNortheastSusuami"
Swahili_language,"Tanzania, Kenya, Comoros, Mayotte, Uganda, Rwanda, Burundi, the eastern part of the Democratic Republic of the Congo, the Bajuni Islands (part of Somalia), southern Somalia (see Bravanese dialect),[1] Zambia, 
 Malawi, Madagascar and Oman",L1: 18 million (2012–2019)[2] L2: 55 million (2015–2019)[2]
Swedish_language,"Sweden, Finland, formerly Estonia",Native: 10 million (2012–2021)[1]L2 speakers: 3 million[1]
Sylheti_language,Bangladesh and India,Sylhetis[2][3][4]
Taa_language,"Southern Ghanzi, northern Kgalagadi, western Southern and western Kweneng districts in Botswana; southern Omaheke and northeastern Hardap regions in Namibia.","Tuu

Taa–Lower NossobTaa"
Tagalog_language,Philippines,Tagalog
Tahitian_language,"185,000 Tahitians","Austronesian

Malayo-PolynesianOceanicPolynesianEastern PolynesianTahiticTahitian"
Tai_Dam_language,Tai Dam,"Kra–Dai

TaiSouthwestern (Thai)Chiang SaenTai Dam"
Kh%C3%BCn_language,"Myanmar (Shan State), Thailand","(100,000 cited 1990)[1]"
Tai_L%C3%BC_language,"China, Laos, Thailand, Myanmar, Vietnam",Tai Lue
Tai_N%C3%BCa_language,"China, Myanmar, Thailand, Laos",Tai Nua
Tajik_language,Central Asia,"8.3 million for all countries (6.4 million in Tajikistan, 2012 UNSD) (2012)[1]"
Tamang_language,Tamang/Moormi,"Sino-Tibetan

TamangicTamang"
Tamil_language,"India, Sri Lanka and Singapore",TamilsSri Lankan Moors
Tangut_language,Tangut people,"Sino-Tibetan

Tibeto-BurmanQiangicGyalrongicWest GyalrongicTangut"
Tatar_language,Volga Tatars,"Turkic

Common TurkicKipchakKipchak–BulgarTatar"
Tausug_language,"— Spoken throughout the Sulu Archipelago (Basilan and Tawi-Tawi), southern Palawan and eastern Sabah— Also spoken in Zamboanga City and Zamboanga Peninsula",1.2 million (2010)[1][needs update]
Telugu_language,India,Telugu people
Tepes_language,"5,000 (2007)[1]","Nilo-Saharan?

KuliakNyang'i–SooSoo"
Teribe_language,"In Panama:Bocas del Toro Province, Chiriquí Province.In Costa Rica:Limón Province, Puntarenas Province.","3,300 (2007)[1]"
Tetum_language,"500,000, mostly in Indonesia (2010–2011)[1]","
Belunese (Tetun Belu)
Terik (Tetun Terik)
"
Thai_language,"
Thailand (Central Thailand and Thai Chinese enclaves throughout country)
Cambodia (Koh Kong province)
",L1: 21 million (2000)[1]L2: 40 million (2001)[1]
Tigrinya_language,"Eritrea, Ethiopia",8.67 million (2022)[1]
Tofa_language,Russia,Tofalar
Tongan_language,"(187,000
96,000 in Tonga cited 1998)[1]73,000 elsewhere (no date), primarily in NZ, U.S., and Australia[2]
",Latin-based
Tongva_language,"Los Angeles, Santa Catalina Island",ca. 1900
Tsez_language,North Caucasus,Tsez
Tswana_language,Batswana,"Niger–Congo?

Atlantic–CongoVolta-CongoBenue–CongoBantoidSouthern BantoidBantuSouthern BantuSotho–TswanaTswana"
Tuareg_language,Sahara and Sahel,Afro-AsiaticBerberTamashek
Tunica_language,Central Louisiana,60 L2 speakers (2023)[1]
Turkish_language,"
Turkey (official)
Northern Cyprus (official)
Cyprus (official)
Azerbaijan
Iraq
Syria
Lebanon
Greece
Bulgaria
Romania
Kosovo
North Macedonia
Bosnia and Herzegovina
",Turks
Turkmen_language,5.1 million Turkmens in Turkmenistan (2020)[3],"Turkic

Common TurkicOghuzEastern OghuzTurkmen"
Tulu_language,Tulu Nadu[a][1][2][3],"1,850,000 (2011 census)[4]"
Tumpoon_language,Tampuan people,"Austroasiatic

BahnaricCentralTampuan"
T%C3%BCbatulabal_language,900 Tübatulabal (2007),tub
Tuvan_language,Tuva,"257,750 (2020)[1]"
Tzeltal_language,Chiapas,"590,000 (2020 census)[1]"
Tzotzil_language,"Chiapas, Oaxaca, Veracruz","550,000 (2020 census)[1]"
Ubykh_language,Circassia,Ubykh
Uduk_language,Uduk people,"Nilo-Saharan?

Komuz?KomanCentral KomanKomo–UdukUduk"
Ukrainian_language,Ukraine,Ukrainians
Upper_Sorbian_language,Germany,Sorbs
Uyghur_language,"China, Kazakhstan, Kyrgyzstan, Tajikistan",8–13 million (2021)[1]
Uzbek_language,Central Asia,31 million (incl. 28 million Northern Uzbek & 3.4 million Southern Uzbek) (2017–2019)[1]
Vaagri_Booli_language,"Tamil Nadu, Andhra Pradesh, Pondicherry, Karnataka, Maharashtra","9,300 (2007)[1]"
Vai_language,Africa,"(120,000 cited 1991–2006)[1]"
Vedda_language,Uva Province,(undated figure of 300)[2]
Venda_language,Limpopo,1.3 million (2011 census)[1]1.7 million L2 speakers in South Africa (2002)[2]
Venetian_language,"
Veneto[1][2]
Friuli-Venezia Giulia[1][2]
Trentino[1][2]
Istria County[3][4]
Coastal–Karst[3][4]
","Indo-European

ItalicLatino-FaliscanLatinRomanceItalo-WesternWestern Romance(unclassified)Venetian"
Vietnamese_language,"
Vietnam
China (Dongxing, Guangxi)
","Austroasiatic

VieticViet–MuongVietnamese"
Vlax_Romani_language,"538,480 (2002–2014)[1]","Hungary, Romania, Poland, and Serbia"
Votic_language,Ingria,21 (2020)[1]100 with some knowledge
V%C3%B5ro_language,Southern Estonia,"100,000, including 13,000 Seto speakers (2021)[1]"
Wa_language,Wa,"Austroasiatic

Khasi–PalaungicPalaungicWaicWa"
Walloon_language,"Wallonia, Ardennes, minority in Door County, Wisconsin (United States)","600,000 people have some knowledge of it[1] (2007)[2]Possibly only 300,000 active speakers in rural Wallonia[citation needed]"
Warlpiri_language,"Warlpiri, Ngalia","Pama–Nyungan

Ngumpin–YapaNgarrkicWarlpiri"
Welsh_language,"United Kingdom (Wales, England), Argentina (Chubut Province)","
Wales: 538,300 (17.8% of the population of Wales in 2021, including both L1 and L2 speakers)
England: 110,000 (2001, estimated)[1]
Argentina: 1,500–5,000[2][3]
Canada: <3,885 (L1)[4]
Australia: 1,737 [5]
"
Itelmen_language,Kamchatka Peninsula,80 (2010 census)[1]
West_Frisian_language,Netherlands,West Frisians
Wintu_language,"Shasta County, Trinity County, California",Unknown[1]
Wolof_language,Senegambia,L1: 6.1 million (2013–2017)[2]L2: 6.3 million (2017)[2]
Xaracuu_language,Canala,"Austronesian

Malayo-PolynesianOceanicSouthern OceanicNew Caledonian – LoyaltiesNew CaledonianSouthernSouth SouthernXaracuu–XaragureKanala"
Xhosa_language,South Africa  Lesotho,AmaXhosa
Xibe_language,China,"189,000 Sibe people (2000)[3]"
Xukuru_language,Pernambuco,1960s[1]
Yapese_language,Island of Yap,"5,130 (2005)[1]"
Yakut_language,Russia,Yakuts
Yanesha%27_language,Peru,Yanesha'
Yoruba_language,Yorubaland,L1: 44 million (2020)[1]L2: 2.0 million (no date)[1]
Yuchi_language,East central Oklahoma,0[2] (2021)12 L2 speakers (2016)[1]
Zaza_language,"Provinces of Sivas, Tunceli, Bingöl, Erzurum, Erzincan, Elazığ, Muş, Malatya,[1] Adıyaman and Diyarbakır[1]",3–4 million (2009)[1]
Zulu_language,"South Africa, Lesotho",Zulu people
Zuni_language,Western New Mexico,"9,620 (2015)[1]"
Zhuang_language,Zhuang people,"Kra–Dai

Kam–TaiBe–Tai ?TaiNorthern Tai and Central TaiZhuang"
English_language,"United Kingdom, Anglo-America, Australia, Ireland, New Zealand and other locations in the English-speaking world","Indo-European

GermanicWest GermanicNorth Sea GermanicAnglo-FrisianAnglicEnglish"
Eastern_Armenian_language,3.8 million (2013)[1],"Armenian alphabet (virtually always in the reformed orthography, except in Iran)"
Western_Armenian_language,(undated figure of 1.6 million)[1],Armenian alphabet (virtually always in the Classical Armenian orthography)
Saraiki_language,South Punjab and neighbouring regions,26 million (2017)[1]
