lang,family,dialects,iso3code,speakers,regions,off_lang,rec_min_lang
Tausug_language,"['Austronesian', 'Malayo-Polynesian', 'Philippine', 'Greater Central Philippine', 'Central Philippine', 'Bisayan', 'Southern Bisayan', 'Butuan', '–Tausug', 'Tausūg']",,tsg,,,Regional language in the Philippines,
Adai_language,['unclassified'],,xad,,,,
Sotho_language,"['Niger–Congo', '?\n', 'Atlantic–Congo', 'Volta-Congo', 'Benue–Congo', 'Bantoid', 'Southern Bantoid', 'Bantu', 'Southern Bantu', 'Sotho–Tswana', 'Sotho']",,sot,,,"
 Lesotho
 South Africa
 Zimbabwe
",
Kapampangan_language,"['Austronesian', 'Malayo-Polynesian', 'Philippine', 'Central Luzon', 'Kapampangan']",,pam,,,Angeles City[3][4][5],Regional language of the Philippines
Limbu_language,"['Sino-Tibetan', 'Tibeto-Burman', 'Mahakiranti', ' (?)', 'Kiranti', 'Limbu']","['Phedape', 'Chhathare', 'Panthare', 'Tambarkhole']",lif,,," Nepal
Koshi Province
 India

Sikkim (additional)
",
Manx_language,"['Indo-European', 'Celtic', 'Insular Celtic', 'Goidelic', 'Manx']","['Northern Manx', ' ', '†', 'Southern Manx']",glv,,,Isle of Man,
Vlax_Romani_language,"['Indo-European', 'Indo-Iranian', 'Indo-Aryan', 'Western Zone', 'Romani', 'Vlax Romani']",,rmy,,,,"Hungary, Romania, Poland, and Serbia"
Comanche_language,"['Uto-Aztecan', 'Numic', 'Central Numic', 'Comanche']",,com,,,,
Nahuatl_language,"['Uto-Aztecan', 'Southern Uto-Aztecan', 'Nahuan', 'Nahuatl']","['Western Peripheral Nahuatl', 'Eastern Peripheral Nahuatl', 'Huasteca Nahuatl', 'Central Nahuatl languages']","nhe Huasteca NahuatlFor other varieties, see Nahuan languages",,, Mexico (through the General Law of Linguistic Rights of Indigenous Peoples)[3],
Bashkir_language,"['Turkic', 'Common Turkic', 'Kipchak', 'Kipchak–Bulgar', 'Bashkir']",,bak,,, Bashkortostan (Russia),
Koryak_language,"['Chukotko-Kamchatkan', 'Chukotkan', 'Koryak']",['Chavchuven Koryak'],kpy,,,,
Hmong_language,"['Hmong–Mien', 'Hmongic', 'Core Hmongic', 'West Hmongic', 'Chuanqiandian cluster', 'Hmong']",,"hmn – inclusive code for the Hmong/Mong macrolanguage (China, Laos), including all Core Hmongic languages, except hmf and hmvIndividual codes:cqd – Chuanqiandian Cluster Miao (cover term for Hmong in China)hea – Northern Qiandong Miaohma – Southern Mashan Hmonghmc – Central Huishui Hmonghmd – Large Flowery Miaohme – Eastern Huishui Hmonghmf – Hmong Don (Vietnam)hmg – Southwestern Guiyang Hmonghmh – Southwestern Huishui Hmonghmi – Northern Huishui Hmonghmj – Gehml – Luopohe Hmonghmm – Central Mashan Hmonghmp – Northern Mashan Hmonghmq – Eastern Qiandong Miaohms – Southern Qiandong Miaohmv – Hmong Dô (Vietnam)hmw – Western Mashan Hmonghmy – Southern Guiyang Hmonghmz – Hmong Shua (Sinicized Miao)hnj – Mong Njua/Mong Leng (China, Laos), Blue/Green Hmong (United States)hrm – A-Hmo, Horned Miao (China)huj – Northern Guiyang Hmongmmr – Western Xiangxi Miaomuq – Eastern Xiangxi Miaomww – Hmong Daw (China, Laos), White Hmong (United States)sfm – Small Flowery Miao",,,, China  Laos   Myanmar   Vietnam   Thailand
Mussau-Emira_language,"['Austronesian', 'Malayo-Polynesian', 'Oceanic', 'St. Matthias', 'Mussau-Emira']",,emi,,,,
Nuosu_language,"['Sino-Tibetan', 'Tibeto-Burman', 'Lolo–Burmese', 'Loloish', 'Nisoish', 'Nisoid', 'Nuosu']",,"iii  Nuosu, Sichuan Yi",,,, China (Yunnan province)
Guaran%C3%AD_language,"['Tupian', 'Tupi–Guarani', 'Guarani (I)', 'Guaraní', 'Guaraní']","['Jopará', 'Correntino', 'Simba', 'Chawuncu', 'Tsiripá', 'Mbyá']",gug,,, Paraguay ,
Babine_language,"['Dené–Yeniseian', '?\n', 'Na-Dené', 'Athabaskan–Eyak', 'Athabaskan', 'Northern Athabaskan', 'Babine–Witsuwitʼen']","['Babine', 'Witsuwitʼen']",bcr,,,,
Leonese_language,"['Indo-European', 'Italic', 'Latino-Faliscan', 'Latin', 'Romance', 'Italo-Western', 'Western', 'Ibero-Romance', 'West Iberian', 'Asturleonese', 'Leonese']",,ast,,,"As of 2010, has special status in the Spanish autonomous community of Castile and León",
Italian_language,"['Indo-European', 'Italic', 'Latino-Faliscan', 'Latin', 'Romance', 'Italo-Western', 'Italo-Dalmatian', 'Italo-Romance', 'Italian']","['Tuscan', 'Central Italian', 'Maltese Italian', 'Swiss Italian', 'Various forms of ', 'regional Italian']",ita,L1: 65 million (2022)[1]L2: 3.1 million[1]Total: 68 million[1],,"
4 countries
Italy
San Marino
Switzerland
Vatican City



2 regions
Slovene Istria (Slovenia)
Istria County (Croatia)



An order and various organisations
 Sovereign Military Order of Malta[4]
European Union
FAO
Holy See
OSCE
 IDLO
 IIHL
Mediterranean Universities Union
UNICRI
UNIDROIT
and others

",Bosnia and Herzegovina[a]CroatiaRomania[a]SloveniaEritrea
Ivatan_language,"['Austronesian', 'Malayo-Polynesian', 'Philippine', 'Batanic', 'Ivatan']","['Ivasay', 'Isamurung', 'Babuyan']",Either:ivv – Ivatanivb – Ibatan (Babuyan),,,Regional language in the Philippines,
Pangasinan_language,"['Austronesian', 'Malayo-Polynesian', 'Philippine', 'Northern Philippine', 'Northern Luzon', 'Meso-Cordilleran', 'Southern Cordilleran', 'West Southern Cordilleran', 'Pangasinan']",,pag,,,Pangasinan, Philippines(Regional language)
Parya_language,"['Indo-European', 'Indo-Iranian', 'Indo-Aryan', 'Central Zone', 'Western Hindi', 'Parya']",,paq,,,,
Zhuang_language,"['Kra–Dai', 'Kam–Tai', 'Be–Tai\xa0?', 'Tai', 'Northern Tai', ' and ', 'Central Tai', 'Zhuang']",,zha – inclusive codeIndividual codes:zch – Central Hongshuihe Zhuangzhd – Dai Zhuang (Wenma)zeh – Eastern Hongshuihe Zhuangzgb – Guibei Zhuangzgn – Guibian Zhuangzln – Lianshan Zhuangzlj – Liujiang Zhuangzlq – Liuqian Zhuangzgm – Minz Zhuangzhn – Nong Zhuang (Yanguang)zqe – Qiubei Zhuangzyg – Yang Zhuang (Dejing)zyb – Yongbei Zhuangzyn – Yongnan Zhuangzyj – Youjiang Zhuangzzj – Zuojiang Zhuang,,,,
Arin_language,"['Dené–Yeniseian', '?\n', 'Yeniseian', 'Southern Yeniseian', 'Arin–', 'Pumpokol', 'Arin']",,xrn,,,,
Click_language,,,,,,,
Fijian_language,"['Austronesian', 'Malayo-Polynesian', 'Oceanic', 'Central Pacific', 'East Fijian – Polynesian', 'East Fijian', 'Fijian']",['Pidgin Fijian'],fij,,, Fiji,
Latvian_language,"['Indo-European', 'Balto-Slavic', 'Baltic', 'East Baltic', 'Latvian']",,lav – inclusive codeIndividual codes:lvs – Standard Latvian languageltg – Latgalian language,,, Latvia European Union,
Tai_L%C3%BC_language,"['Kra–Dai', 'Tai', 'Southwestern', ' (Thai)', 'Chiang Saen', 'Tai Lue']",,khb,,,, China Laos Thailand Myanmar Vietnam
Tongva_language,"['Uto-Aztecan', 'Northern Uto-Aztecan', 'Takic', 'Serran', 'Tongva']",,xgf,,,,
S%27gaw_Karen_language,"['Sino-Tibetan', 'Tibeto-Burman', 'Karenic', 'S’gaw Karen language']",,ksw – inclusive codeIndividual codes:ksw – S'gawjkp – Pakujkm – Mopwawea – Wewaw,,, Myanmar( Kayin State), Thailand
Gurung_language,"['Sino-Tibetan', 'Tamangic', 'Gurung']",,gvr,,," India
Sikkim (additional)[2]
",
Odia_language,"['Indo-European', 'Indo-Iranian', 'Indo-Aryan', 'Eastern', 'Odia']","['Northern', ', Central, ', 'Southern', ', ', 'Northwestern', ', ', 'Western', ', ', 'Desia', ', Tribal and Community dialects']",ori – inclusive codeIndividual codes:ory – Odiaspv – Sambalpuriort – Adivasi Odia (Kotia)dso – Desiya (duplicate of [ort])[7],,," India
Odisha
Jharkhand[3] (additional)
West Bengal[4][5] (additional)
",
Caddo_language,"['Caddoan', 'Caddo']",,cad,,,,
Kendeje_language,"['Nilo-Saharan', '?\n', 'Maban', 'Kenjeje']","['Yaali', 'Faranga']",klf,,,,
Eastern_Armenian_language,"['Indo-European', 'Armenian', 'Eastern Armenian']",,hye,,,,
Paratio_language,"['Xukuruan', '?']",,None (mis),,,,
Ubykh_language,"['Northwest Caucasian', 'Ubykh']",,uby,,,,
Harari_language,"['Afro-Asiatic', 'Semitic', 'West Semitic', 'South Semitic', 'Ethiopic', 'South', 'Transversal South', 'Harari–East Gurage', 'Harari']",,har,,,,
Rinconada_Bikol_language,"['Austronesian', 'Malayo-Polynesian', 'Philippine', 'Central Philippine', 'Bikol languages', 'Inland Bikol', 'Rinconada Bikol']","['Sinabukid', 'Sinaranəw']",bto,,,Regional language in the Philippines,
Polish_language,"['Indo-European', 'Balto-Slavic', 'Slavic', 'West Slavic', 'Lechitic', 'Polish']","['Chełmnian–Kocievian–Warmian', 'Greater Poland', 'Lesser Poland', 'Masovian', 'Masurian', 'New mixed dialects', 'Northern Borderlands', 'Silesian', 'Southern Borderlands', 'Podhale', 'Warmian']",pol,,,PolandEuropean Union,Bosnia and Herzegovina[2]Brazil[3]Czech Republic[2]Hungary[4]Lithuania[5][6]Romania[7]Slovakia[2]Ukraine[2][8]
Chipewyan_language,"['Dené–Yeniseian', '?\n', 'Na-Dené', 'Athabaskan', 'Northern Athabaskan', 'Chipewyan']","['Dënesųłinë́ yatié', 'Dënedédliné yatié', 'Tthetsánót’iné yatié', 'Tetsǫ́t’iné yatié']",chp,,,Canada (Northwest Territories)[3],
Fon_language,"['Niger–Congo', '?\n', 'Atlantic–Congo', 'Volta-Congo', 'Volta–Niger', 'Gbe', 'Fon']","['Agbome', 'Arohun', 'Gbekon', 'Kpase']",fon,,, Benin,
Khoekhoe_language,"['Khoe–Kwadi', 'Khoe', 'Khoekhoe', 'Khoekhoe']","['Nama–Damara', 'Haiǁom–ǂĀkhoe']","Either:naq – Khoekhoe, Namahgm – Haiǁom",,,, Namibia South Africa[a][2]
Aari_language,"['Afro-Asiatic', 'Omotic', 'South', 'Aari']",,aiw,,,,
Cupe%C3%B1o_language,"['Uto-Aztecan', 'Northern Uto-Aztecan', 'Takic', 'Cupan', 'Cahuilla–Cupeño', 'Cupeño']",,cup,,,,
Aragonese_language,"['Indo-European', 'Italic', 'Latino-Faliscan', 'Latin', 'Romance', 'Italo-Western', 'Western Romance', '(unclassified)', '(in some classifications) Pyrenean–Mozarabic', 'Aragonese']","['Judaeo-Aragonese', ' ', '†', 'Navalese', 'Aisinian', 'Ansó', 'Aragüés', 'Benasquese', 'Hecho', 'Ribagorçan', 'Central']",arg,,,,"Spain
Aragon (Protected language status)
"
Avar_language,"['Northeast Caucasian', 'Avar–Andic', 'Avar']",,Either:ava – Avaricoav – Old Avar,,," Russia
 Dagestan
",
Kanuri_language,"['Nilo-Saharan', '?\n', 'Saharan', 'Western', 'Kanuri']",,kau – inclusive codeIndividual codes:knc – Central Kanurikby – Manga Kanurikrt – Tumari Kanuribms – Bilma Kanurikbl – Kanembutxj – Old Kanembu,,,,
Marwari_language,"['Indo-European', 'Indo-Iranian', 'Indo-Aryan', 'Western', '[3]', 'Rajasthani', 'Marwari']",,mwr – inclusive codeIndividual codes:dhd – Dhundarirwr – Marwari (India)mve – Marwari (Pakistan)wry – Merwarimtr – Mewariswv – Shekhawatijog – Jogigdx – Godwarigig – Goarialrk – Loarkigda – Gade Lohar (duplicate of Loarki)mki – Dhatki,,,,
Stellingwerfs_language,"['Indo-European', 'Germanic', 'West Germanic', 'North Sea Germanic', 'Low German', 'Low Saxon', 'Westphalian', '[', 'citation needed', ']', 'Stellingwarfs']",,stl,,,"Netherlands
- Recognized by the government in 1996 as being part of Low Saxon [nds].[1]",
Finnish_language,"['Uralic', 'Finno-Ugric', 'Finnic', 'Northern Finnic', 'Finnish']","['American', 'Ostrobothnian', 'Eastern', 'South Ostrobothnian', 'Tavastian', 'Peräpohjola', 'Southwest', 'South Karelian', 'Ingrian', 'Savonian', 'Kainuu', 'Värmland', 'Helsinki', '(', 'Meänkieli', ')', '(', 'Gällivare', ')', '(', 'Kven', ')', 'Rauma', 'Sweden', 'Siberian']",fin,,, Finland European Union Nordic Council,Sweden (official minority language)Russia (Karelia)[2]Norway (Kven language) (Finnmark)
Tatar_language,"['Turkic', 'Common Turkic', 'Kipchak', 'Kipchak–Bulgar', 'Tatar']","['Mishar Tatar', 'Nagaibak']",tat,,,Tatarstan (Russia),"China[2]
Poland[3]"
Kashmiri_language,"['Indo-European', 'Indo-Iranian', 'Indo-Aryan', 'Dardic', 'Eastern Dardic', 'Kashmiric', 'Kashmiri']","['Kishtwari', ', ', 'Poguli', '[2]', '[3]']",kas,,," India
Jammu and Kashmir[8][9]
",
Dukhan_language,"['Turkic', 'Common Turkic', 'Siberian Turkic', 'South Siberian', 'Sayan Turkic', 'Taiga Sayan Turkic', '[1]', 'Dukha']",,None (mis),,,,
Ainu_language,"['Ainu', 'Hokkaido Ainu']",,ain,,,,
Chechen_language,"['Northeast Caucasian', 'Nakh', 'Vainakh', 'Chechen']",,che,,," Russia
 Chechnya
 Dagestan
",
Tajik_language,"['Indo-European', 'Indo-Iranian', 'Iranian', 'Western Iranian', 'Southwestern Iranian', 'Persian', 'Tajik']","['Madaklashti', 'Bukharian']",tgk,,, Tajikistan, Uzbekistan Russia
Tepes_language,"['Nilo-Saharan', '?\n', 'Kuliak', ""Nyang'i"", '–Soo', 'Soo']","['Tepes', 'Kadam', 'Napak']",teu,,,,
Chinese_language,"['Sino-Tibetan', 'Sinitic', 'Chinese']","['Mandarin', 'Jin', 'Wu', 'Gan', 'Xiang', 'Min', 'Hakka', 'Yue', 'Ping', 'Huizhou']",zho – inclusive codeIndividual codes:cdo – Eastern Mincjy – Jinyucmn – Mandarincpx – Pu-Xian Minczh – Huizhouczo – Central Mingan – Ganhak – Hakkahsn – Xiangmnp – Northern Minnan – Southern Minwuu – Wuyue – Yuecsp – Southern Pinghuacnp – Northern Pinghuaoch – Old Chineseltc – Late Middle Chineselzh – Classical Chinese,,,"Mandarin
 Mainland China
 Taiwan
 Singapore
Cantonese[b]
 Hong Kong
 Macau
",
Alabama_language,"['Muskogean', '\nEastern', 'Alabama–', 'Koasati', 'Alabama']",,akz,,,,
Inupiaq_language,"['Eskaleut', 'Eskimo', 'Inuit', 'Iñupiaq']",,ipk – inclusive codeIndividual codes:esi – North Alaskan Iñupiatunesk – Northwest Alaska Iñupiatun,,,"Alaska,[2] Northwest Territories (as Uummarmiutun dialect)",
Luri_language,"['Indo-European', 'Indo-Iranian', 'Iranian', 'Western Iranian', 'Southwestern', 'Luri']","['Central Luri (Minjai)', 'Bakhtiari', 'Southern Luri']",Variously:lrc – Northern Luribqi – Bakhtiariluz – Southern Luri,,,,
Aklanon_language,"['Austronesian', 'Malayo-Polynesian', 'Philippine', 'Central Philippine', 'Bisayan', 'Western Bisayan', 'Aklanon']","['Aklanon, Malaynon']",Either:akl – Aklanon [2]mlz – Malaynon,,,Regional language in the Philippines,
Yakut_language,"['Turkic', 'Common Turkic', 'Siberian Turkic', 'Northern Siberian', 'Yakut']",,sah,,," Russia
 Yakutia
",
Khowar_language,"['Indo-European', 'Indo-Iranian', 'Indo-Aryan', 'Chitrali', 'Khowar']",,khw,,,,
Livonian_language,"['Uralic', 'Finno-Ugric', 'Finnic', 'Southern Finnic', 'Livonian']","['Courland', 'Salaca', ' ', '†', '[5]']",liv,,,,Latvia[6]
Masalit_language,"['Nilo-Saharan', '?\n', 'Maban', 'Masalit languages', 'Masalit']",,Either:mls – Masalitmdg – Massalat,,,,
Ladin_language,"['Indo-European', 'Italic', 'Latino-Faliscan', 'Latin', 'Romance', 'Italo-Western', 'Western Romance', 'Gallo-Iberian', 'Gallo-Romance', 'Rhaeto-Romance', ' or Gallo-Rhaetian', '[4]', 'Ladin']","['Cadorino', 'Nones', 'Fornes', 'etc.']",lld,,,,
Laz_language,"['Kartvelian languages', 'Karto-Zan', 'Zan', 'Laz']",,lzz,,,,
Ewe_language,"['Niger–Congo', '?\n', 'Atlantic-Congo', 'Volta–Congo', 'Volta-Niger', 'Gbe', 'Ewe']",,Variously:ewe – Ewewci – Wacikef – Kpesi,,,,
Estonian_language,"['Uralic', 'Finno-Ugric', 'Finno-Permic', '?', 'Finno-Samic', '?', 'Finnic', 'Southern Finnic', 'Central Finnic?', 'Estonian']",,est – inclusive codeIndividual codes:ekk – Standard Estonianvro – Võro,,,EstoniaEuropean Union,
Serbian_language,"['Indo-European', 'Balto-Slavic', 'Slavic', 'South Slavic', 'Serbo-Croatian', 'Shtokavian', 'Neo-Shtokavian', 'Eastern Herzegovinian', ' and ', 'Šumadija-Vojvodinian', 'Serbian']",,srp,,, Serbia Kosovo (co-official) Bosnia and Herzegovina (co-official) Montenegro (co-official)[2], Croatia Hungary[3] Slovakia[4] Czech Republic[5][6] North Macedonia[7] Romania
Nyangia_language,"['Nilo-Saharan', '?\n', 'Kuliak', ""Nyang'i–"", 'Soo', ""Nyang'i""]",,nyp,,,,
Nihali_language,['Language isolate'],,nll,,,,
Cree_language,"['Algic', 'Algonquian', 'Cree-', 'Montagnais', '-', 'Naskapi', '[2]', 'Cree']",,cre – inclusive codeIndividual codes:crk – Plains Creecwd – Woods Creecsw – Swampy Creecrm – Moose Creecrl – Northern East Creecrj – Southern East Creensk – Naskapimoe – Montagnaisatj – Atikamekw,,, Northwest Territories[3],"
 Alberta[citation needed]
 Manitoba[citation needed]
 Ontario[citation needed]
 Quebec[citation needed]
 Saskatchewan
[citation needed]"
Arb%C3%ABresh_language,"['Indo-European', 'Albanian', 'Tosk', 'Arbëresh']","['Vaccarizzo Albanian', 'Palermitan Albanian\n', '\nCalabrian Albanian']",aae,,,,
Karelian_language,"['Uralic', 'Finnic', 'Northern Finnic', 'Karelian']","['Tver', 'Livvi', 'Northern', 'Southern']",krl,,,," Finland[4] Russia
 Republic of Karelia[5]
"
Onge_language,"['Ongan', 'Onge']",,oon,,,,
Blackfoot_language,"['Algic', 'Algonquian', 'Siksika']","['Siksiká (Blackfoot)', 'Kainai (Blood, Many Chiefs)', 'Aapátohsipikani (Northern Piegan)', 'Aamsskáápipikani (Southern Piegan)']",bla,,,,
Cayuga_language,"['Iroquoian', '\nNorthern', 'Lake Iroquoian', 'Five Nations', 'Cayuga']",,cay,,,,
Ngbee_language,"['Niger–Congo', '?\n', 'Atlantic–Congo', 'Benue–Congo', 'Bantoid', 'Bantu', 'Boan', 'Bomokandian', 'Ngbele–Ngenda', 'Ngbee']",,jgb,,,,
Chamorro_language,"['Austronesian', 'Malayo-Polynesian', 'Chamoru']",,cha,,, Guam   Northern Mariana Islands,
Saterland_Frisian_language,"['Indo-European', 'Germanic', 'West Germanic', 'North Sea Germanic', 'Anglo-Frisian', 'Frisian', 'East Frisian', 'Saterland Frisian']",,stq,,,,Germany
Bemba_language,"['Niger–Congo', '?\n', 'Atlantic–Congo', 'Volta-Congo', 'Benue–Congo', 'Bantoid', 'Southern Bantoid', 'Bantu', ' (', 'Zone M.40–50', ')', 'Sabi', 'South Sabi', 'Bemba']",['Town Bemba'],bem,,,, Zambia
Pipil_language,"['Uto-Aztecan', 'Southern Uto-Aztecan', 'Aztecan (Nahuan)', 'General Aztec', 'Eastern', 'Nawat']",,ppl,,,,
Sicilian_language,"['Indo-European', 'Italic', 'Latino-Faliscan', 'Latin', 'Romance', 'Italo-Western', 'Italo-Dalmatian', 'Italo-Romance', 'Extreme Southern Italian', 'Sicilian']","['Pantesco', 'Western', 'Eastern', 'Central Metaphonetic', 'Southeast Metaphonetic', 'Ennese', 'Eastern Non-Metaphonetic', 'Messinese', 'Eoliano', 'Reggino']",scn,,,,Sicily (limited recognition)[2]
Balti_language,"['Sino-Tibetan', 'Tibeto-Burman', 'Tibeto-Kanauri', ' (?)', 'Bodish', 'Tibetic', 'Ladakhi–Balti', 'Balti']",,bft,,,,
Czech_language,"['Indo-European', 'Balto-Slavic', 'Slavic', 'West Slavic', 'Czech–Slovak', 'Czech']","['Bohemian', 'Central Moravian', 'Eastern Moravian', 'Lach']",ces,,,"
Czech Republic
European Union
","
Austria[2]
Bosnia and Herzegovina[2]
Croatia[2]
Poland[3]
Romania[2]
Slovakia[2]
"
Cahuilla_language,"['Uto-Aztecan', 'Northern Uto-Aztecan', 'Cupan', 'Cahuilla–Cupeño', 'Cahuilla']","['Desert', 'Mountain', 'Pass']",chl,,,,None
Kh%C3%BCn_language,"['Kra–Dai', 'Tai', 'Southwestern', ' (Thai)', 'Northwestern', 'Khun']",,kkh,,,, Myanmar
Vai_language,"['Mande', '\nWestern Mande', 'Central', 'Manding–Jogo', 'Manding–Vai', 'Vai–Kono', 'Vai']",,vai,,,,
Iu_Mien_language,"['Hmong–Mien', 'Mienic', 'Mian–Jin', 'Iu Mien']",,ium,,, China (in Jinxiu Yao Autonomous County),
Persian_language,"['Indo-European', 'Indo-Iranian', 'Iranian', 'Western Iranian', 'Southwestern Iranian', 'Persian']","['Iranian Persian', 'Dari', 'Tajik', 'Bukhori', 'Pahlavani', 'Hazaragi', 'Aimaq', 'Judeo-Persian', 'Dehwari', 'Judeo-Tat', '[8]', 'Caucasian Tat', '[8]', 'Armeno-Tat', '[8]', 'Madaklashti', 'Kuwaiti', 'Sistani']",fas – inclusive codeIndividual codes:pes – Iranian Persianprs – Daritgk – Tajik languageaiq – Aimaq dialectbhh – Bukhori dialecthaz – Hazaragi dialectjpr – Judeo-Persianphv – Pahlavanideh – Dehwarijdt – Judeo-Tatttt – Caucasian Tat,L1: 67 million (2017–2021)[7]L2: 41 million (2020–2021)[7]Total (L1+L2): 130 million[8],,"
Iran[9]
Afghanistan (as Dari)
Tajikistan (as Tajik)

Russia

Dagestan (as Tat)[10]
",
Vedda_language,"['Sinhalese', ' - unknown ', 'language', ' creole\n', 'Vedda']",,ved,,,,
Buryat_language,"['Mongolic', '\nCentral Mongolic', 'Buryat–', 'Mongolian', 'Buryat']",,bua – inclusive code BuriatIndividual codes:bxu – Inner Mongolian (China) Buriatbxm – Mongolia Buriatbxr – Russia Buriat,,,Buryatia (Russia),
Kashubian_language,"['Indo-European', 'Balto-Slavic', 'Slavic', 'West Slavic', 'Lechitic', 'Pomeranian', 'Kashubian']",,csb,,,"Officially recognized as of 2005, as a regional language, in some communes of Pomeranian Voivodeship, Poland", Poland[2]
Eyak_language,"['Dené–Yeniseian', '?\n', 'Na-Dené', 'Athabaskan–Eyak', 'Eyak']",,eya,,, Alaska[1],
Vaagri_Booli_language,"['Indo-European', 'Indo-Iranian', 'Indo-Aryan', '(unclassified; ', 'Bhili', '?)', 'Vaagri Booli']",,vaa,,,,
Xhosa_language,"['Niger–Congo', '?\n', 'Atlantic–Congo', 'Volta-Congo', 'Benue–Congo', 'Bantoid', 'Southern Bantoid', 'Bantu', 'Southern Bantu', 'Nguni', '-', 'Tsonga', 'Nguni', 'Zunda', 'Xhosa']",,xho,,, South Africa Zimbabwe, Botswana
Breton_language,"['Indo-European', 'Celtic', 'Insular Celtic', 'Brittonic', 'Southwestern Brittonic', 'Breton']","['Gwenedeg', 'Kerneveg', 'Leoneg', 'Tregerieg']",Variously:bre – Modern Bretonxbmobt,,,,"France
Brittany
"
Erzya_language,"['Uralic', 'Mordvinic', 'Erzya']",,myv,,,Mordovia (Russia),
Achi_language,"['Mayan', '\nQuichean–Mamean', 'Greater Quichean', 'Quichean', 'Quiché–Achi', 'Achi']",,acr,,,, Guatemala
Votic_language,"['Uralic', 'Finnic', 'Southern Finnic', 'Votic']","['Krevinian', 'Kukkuzi']",vot – inclusive codeIndividual code:zkv – Krevinian,,,,
Kunama_language,"['Nilo-Saharan', '?\n', 'Kunama', 'Kunama']","['Barka (Berka)', 'Marda', 'Aymasa', 'Tika (Lakatakura-Tika)', 'Sokodasa', 'Takazze-Setit', 'Tigray']",kun,,,, Eritrea
Dakota_language,"['Siouan', 'Western Siouan', 'Mississippi Valley Siouan', 'Dakotan', 'Sioux', 'Dakota']",,dak,,,,
Maasai_language,"['Nilo-Saharan', '?\n', 'Eastern Sudanic', 'Nilotic', 'Eastern Nilotic', 'Ateker', '-', 'Lotuko', '-', 'Maa', 'Lotuko', '–', 'Maa', 'Maa', 'Maasai']",,mas,,,,
E_language,"['mixed', ' ', 'Tai', '–', 'Pinghua']",,eee,,,,
Kyrgyz_language,"['Turkic', 'Common Turkic', 'Kipchak', 'Kyrgyz–Kipchak', 'Kyrgyz']",['Pamiri Kyrgyz'],kir,,," Kyrgyzstan
 China

Kizilsu Kyrgyz Autonomous Prefecture

Organisations:
 Organization of Turkic States Collective Security Treaty Organization
",
Lisu_language,"['Sino-Tibetan', 'Tibeto-Burman', 'Lolo–Burmese', 'Loloish', 'Lisoish', 'Lisu–Lalo', 'Lisu']",,lis,,,"Weixi Lisu Autonomous County, Nujiang Lisu Autonomous Prefecture (PRC)",
Catawba_language,"['Siouan', 'Catawban (Eastern Siouan)', 'Catawba']",,chc,,,,
Gumuz_language,"['Nilo-Saharan', '?\n', 'Komuz', '?', 'Bʼaga', 'Gumuz']","['Northern', 'Southern', 'Yaso']",guk,,,,
Warlpiri_language,"['Pama–Nyungan', 'Ngumpin–Yapa', 'Ngarrkic', 'Warlpiri']","['Warlpiri', 'Ngaliya', 'Walmala', 'Ngardilpa', 'Eastern Warlpiri']",wbp,,,,
Magar_language,"['Sino-Tibetan', 'Tibeto-Burman', 'Himalayish', 'Mahakiranti', 'Magaric', 'Magar']",,Either:mgp – Eastern Magarmrd – Western Magar,,," India
Sikkim (additional)[2]
",
Tumpoon_language,"['Austroasiatic', 'Bahnaric', 'Central', 'Tampuan']",,tpu,,,,
Taa_language,"['Tuu', '\nTaa–Lower Nossob', 'Taa']","['West ǃXoon (Nǀuǁʼen)', 'ǃAma', 'East ǃXoon', 'Tsaasi–ǂHuan']",nmn,,,,
Sasak_language,"['Austronesian', 'Malayo-Polynesian', 'Malayo-Sumbawan', '?', 'Bali–Sasak–Sumbawa', 'Sasak–', 'Sumbawa', 'Sasak']",,sas,,,,"Indonesia
West Nusa Tenggara (Lombok)
"
Cimbrian_language,"['Indo-European', 'Germanic', 'West Germanic', 'Elbe Germanic', 'High German', 'Upper German', 'Bavarian', 'Cimbrian']",,cim,,,, Italy Trentino
Kosraean_language,"['Austronesian', 'Malayo-Polynesian', 'Oceanic', 'Micronesian', 'Micronesian Proper', 'Nuclear Micronesian', 'Kosraean']",,kos,,,Federated States of Micronesia,
Zulu_language,"['Niger–Congo', '?\n', 'Atlantic–Congo', 'Volta-Congo', 'Benue–Congo', 'Bantoid', 'Southern Bantoid', 'Bantu', 'Southern Bantu', 'Nguni', '-', 'Tsonga', 'Nguni', 'Zunda', 'Zulu']","['KwaZulu Natal Zulu', 'Transvaal Zulu', 'Qwabe', 'Cele']",zul,,, South Africa,
Chakma_language,"['Indo-European', 'Indo-Iranian', 'Indo-Aryan', 'Eastern', 'Bengali–Assamese', 'Chakma']",,ccp,,,,
Navajo_language,"['Dené–Yeniseian', '?\n', 'Na-Dené', 'Athabaskan', 'Southern Athabaskan', 'Southwestern Apache', 'Western', 'Navajo']",,nav,,,,
Tai_N%C3%BCa_language,"['Kra–Dai', 'Tai', 'Southwestern', ' (Thai)', 'Northwestern', 'Tai Nuea']",,tdd,,,"China (Dehong, co-official)",
Xukuru_language,"['Xukuruan', '?']",,xoo,,,,
Cornish_language,"['Indo-European', 'Celtic', 'Insular Celtic', 'Brittonic', 'Southwestern Brittonic', 'Cornish']",,Variously:cor – Modern Cornishcnx – Middle Cornishoco – Old Cornish,,,,"England
Cornwall
"
Basque_language,['Language isolate'],"['Biscayan', 'Gipuzkoan', 'Upper Navarrese', 'Navarro-Lapurdian', 'Eastern Navarrese', ' ', '†', 'Souletin (Zuberoan)', 'Alavese', ' ', '†', 'Salazarese', ' ', '†']",eus,,,"Spain
Basque Autonomous Community
Navarre (co-official in the Basque-speaking area of Navarre)
","France
Pyrénées-Atlantiques, Nouvelle-Aquitaine
"
Susuami_language,"['Trans–New Guinea', 'Angan', 'Northeast', 'Susuami']",,ssu,,,,
Greenlandic_language,"['Eskaleut', 'Eskimo', 'Inuit', 'Greenlandic']","['Kalaallisut', 'Tunumiisut']",kal,,, Greenland[2], Denmark
Slovak_language,"['Indo-European', 'Balto-Slavic', 'Slavic', 'West Slavic', 'Czech–Slovak', 'Slovak']","['Western Slovak', 'Central Slovak', 'Eastern Slovak']",slk,Native: 5 million (2011–2021)[2]L2: 2 million[2],, Slovakia European Union Vojvodina (Serbia)[3]," Czech Republic[4]  Poland[5] Hungary[6]
 Croatia[7][8]

 Romania[9][10][11][12][13]"
Mon_language,"['Austroasiatic', 'Monic', 'Mon']",,Either:mnw – Modern Monomx – Old Mon,,,, Myanmar Thailand
Betawi_language,"['Malay-based creole', 'Betawi']","['Bekasi', 'Cikarang', 'Depok', 'Parung', 'Serpong', 'Tangerang']",bew,,,,
Yuchi_language,['Language isolate'],,yuc,,,,
Tigrinya_language,"['Afro-Asiatic', 'Semitic', 'West Semitic', 'South Semitic', 'Ethiopic', 'North', 'Tigrinya']",,tir,,, Eritrea Ethiopia,
Chewa_language,"['Niger–Congo', '?\n', 'Atlantic–Congo', 'Volta-Congo', 'Benue–Congo', 'Bantoid', 'Southern Bantoid', 'Bantu', 'Nyasa', 'Chewa']",,nya,,, Malawi Zimbabwe,"
 Mozambique
 Zambia
"
Catalan_language,"['Indo-European', 'Italic', 'Latino-Faliscan', 'Latin', 'Romance', 'Italo-Western', 'Western Romance', 'Gallo-Iberian?', '[2]', 'Gallo-Romance', '[a]', 'Occitano-Romance', '[a]', 'Catalan']","['Valencian', 'Balaeric', ' (including ', 'Menorcan', ')', 'Central', 'Roussillonese', 'Algherese', 'Northwestern', 'Ribagorçan', 'Judaeo-Catalan', ' ', '†', 'Patuet']",cat,L1: 4.1 million (2012)[1]L2: 5.1 millionTotal: 9.2 million,,"AndorraItaly
Alghero, Sardinia
Spain

Balearic Islands
Catalonia
Valencian Community (as Valencian)
","France
Northern Catalonia, Occitania
Spain

La Franja, Aragon
Carche, Region of Murcia (as Valencian)
"
Tamil_language,"['Dravidian', 'Southern', 'Tamil–Kannada', 'Tamil–Kodagu', 'Tamil–Malayalam', 'Tamil languages', 'Tamil']","['Eelam', 'Malesiyat', 'Bunagurr', 'Iyengar', 'Kongu', 'Chennai', 'Madurai', 'Tiruneveli', 'Sankethi', 'Estate', 'Central', 'Malabar', ' ', '†']",Either:tam – Modern Tamiloty – Old Tamil,,, India Tamil Nadu[2]Puducherry[3] Sri Lanka[4] Singapore[5], Malaysia[6] South Africa[b][7]
German_language,"['Indo-European', 'Germanic', 'West Germanic', 'German']",,Variously:deu – Germangmh – Middle High Germangoh – Old High Germangct – Colonia Tovar Germanbar – Bavariancim – Cimbriangeh – Hutterite Germanksh – Kölschnds – Low German[note 1]sli – Lower Silesianltz – Luxembourgish[note 2]vmf – Mainfränkischmhn – Mòchenopfl – Palatinate Germanpdc – Pennsylvania Dutchpdt – Plautdietsch[note 3]swg – Swabian Germangsw – Swiss Germanuln – Unserdeutschsxu – Upper Saxonwae – Walser Germanwep – Westphalianhrx – Riograndenser Hunsrückischyec – Yenishyid – Yiddish,L1: 95 million[1]L2: 80–85 million (2014)[2],,"
7 countries
Germany
Austria
Belgium
Liechtenstein
Luxembourg
Switzerland
Namibia



1 subdivision
 South Tyrol (Italy)


","
9 countries
Brazil (6 municipalities)[8]
Czech Republic
Denmark (Syddanmark)
Hungary (Sopron)
Poland (Upper Silesia)
Romania (select localities)
Russia (Azovo German National District)
Slovakia (Krahule)

"
Croatian_language,"['Indo-European', 'Balto-Slavic', 'Slavic', 'South', 'Western', '[2]', 'Serbo-Croatian', '[2]', 'Shtokavian', 'New Shtokavian', 'Eastern Herzegovinian', 'Croatian']",,hrv,,, Croatia Bosnia and Herzegovina (co-official)  Montenegro (co-official)[3] Serbia (in Vojvodina) Austria (in Burgenland) European Union, Slovakia[4]  Czech Republic[5] Hungary (in Baranya County)[6] Italy[7]
Tsez_language,"['Northeast Caucasian', 'Tsezic', 'Tsez–Hinukh', 'Tsez']",,ddo,,,,
Shona_language,"['Niger–Congo', '?\n', 'Atlantic–Congo', 'Volta-Congo', 'Benue–Congo', 'Bantoid', 'Southern Bantoid', 'Bantu', 'Shona languages', ' (S.10)', 'Shona']","['Korekore', 'Zezuru', 'Manyika', 'Karanga']","Variously:sna – Zezuru, Karanga, Korekoretwl – Tavara (Korekore)mxc – Manyikatwx – Tewe (Manyika)",,, Zimbabwe, Mozambique
Domari_language,"['Indo-European', 'Indo-Iranian', 'Indo-Aryan', 'Central', ' (Hindustani)', '[3]', 'Dom', 'Domari']","['Northern Domari', 'Southern Domari']",rmt,,,,
Atikamekw_language,"['Algic', 'Algonquian', 'Cree', '-', 'Montagnais', '-', 'Naskapi', '[2]', 'Atikamekw']",,atj,,,,
Samoan_language,"['Austronesian', 'Malayo-Polynesian', 'Central–Eastern Malayo-Polynesian', '?', 'Eastern Malayo-Polynesian', 'Oceanic', 'Central–Eastern Oceanic', 'Central Pacific', 'East Central Pacific', 'Polynesian', 'Nuclear Polynesian', 'Samoic', '?', 'Samoan–', 'Tokelauan', 'Samoan']",,smo,,, Samoa American Samoa,
Icelandic_language,"['Indo-European', 'Germanic', 'North Germanic', 'West Scandinavian', 'Insular Scandinavian', 'Icelandic']",,isl,,, Iceland   Nordic Council,
Luise%C3%B1o_language,"['Uto-Aztecan', 'Northern Uto-Aztecan', 'Takic', 'Cupan', 'Luiseño']","['Luiseño', 'Juaneño']",lui,,,,
Ket_language,"['Dené–Yeniseian', '?\n', 'Yeniseian', 'Northern Yeniseian', 'Ket']",,ket,,,,
Sindhi_language,"['Indo-European', 'Indo-Iranian', 'Indo-Aryan', 'Northwestern', 'Sindhic', 'Sindhi']",,snd,,," Pakistan
 Sindh[a][3]
 India[b][c]",
Oirat_language,"['Mongolic', '\nCentral Mongolic', 'Buryat', '–', 'Mongolian', 'Mongolian', 'Oirat']",,Either:xal – Modern Oiratxwo – Written Oirat,,,"Kalmykia, Russia (in the form of Kalmyk); Haixi Mongol and Tibetan Autonomous Prefecture in Qinghai, China; Bayingolin Mongol Autonomous Prefecture and Bortala Mongol Autonomous Prefecture in Xinjiang Uyghur Autonomous Region, China",
Ontong_Java_language,"['Austronesian', 'Malayo-Polynesian', 'Oceanic', 'Polynesian', 'Ellicean', 'Ontong Java']",,ojv,,,,
Himba_language,"['Niger–Congo', '?\n', 'Atlantic–Congo', 'Benue–Congo', 'Bantoid', 'Bantu', ' (', 'Zone B', ')', 'Tsogo languages', ' (B.30)', 'Himba']",,sbw,,,,
Arapaho_language,"['Algic', 'Algonquian', 'Arapahoan', 'Arapaho']",['Besawunena'],arp,,,,
Pitjantjatjara_language,"['Pama–Nyungan', 'Wati', 'Western Desert', 'Pitjantjatjara']",,pjt,,,,
Khmer_language,"['Austroasiatic', 'Khmer']",,Either:khm – Khmerkxm – Northern Khmer,,, Cambodia, Thailand Vietnam
Garre_language,"['Afro-Asiatic', 'Cushitic ', 'Lowland East', 'Somali', 'Garre']",,gex,,,,
Meitei_language,"['Sino-Tibetan', 'Tibeto-Burman', 'Central Tibeto-Burman', 'Meitei']","['Standard Meitei, ', 'Chakpa', ' (also called ', 'Loi', ') and Meitei Pangal (Muslim dialect)', '[3]']",Either:mni – Manipuriomp – Old Manipuri,,, India, India (Assam and Tripura)  Bangladesh  Myanmar
North_Frisian_language,"['Indo-European', 'Germanic', 'West Germanic', 'North Sea Germanic', 'Anglo-Frisian', 'Frisian', 'North Frisian']",,frr,,,"Germany
Schleswig-Holstein
",
Welsh_language,"['Indo-European', 'Celtic', 'Insular Celtic', 'Brittonic', 'Western Brittonic', 'Welsh']","['Cofi', 'Gwyndodeg', 'Powyseg', 'Dyfedeg', 'Gwenhwyseg', 'Patagonian Welsh']",cym,"
Wales: 538,300 (17.8% of the population of Wales in 2021, including both L1 and L2 speakers)
England: 110,000 (2001, estimated)[1]
Argentina: 1,500–5,000[2][3]
Canada: <3,885 (L1)[4]
Australia: 1,737 [5]
",,Wales,Argentina (Chubut Province)
Ojibwe_language,"['Algic', 'Algonquian', 'Ojibwe-', 'Potawatomi', 'Ojibwe']","['(see ', 'Ojibwe dialects', ')']",oji – inclusive code – OjibwaIndividual codes:ojs – Severn Ojibwaojg – Eastern Ojibwaojc – Central Ojibwaojb – Northwestern Ojibwaojw – Western Ojibwaciw – Chippewaotw – Ottawaalq – Algonquin,,,,
Slovene_language,"['Indo-European', 'Balto-Slavic', 'Slavic', 'South Slavic', 'Western South Slavic', 'Slovene']","['Prekmurje dialect', 'Resian', 'approx. ', '48 unstandardised dialects']",slv  Slovenian,,, Slovenia  European Union, Austria[5] Hungary[6] Italy[7]
Xibe_language,"['Tungusic', '\nSouthern', 'Jurchenic', 'Manchu', '–Xibe', 'Sibe']",,sjo,,,,
Northern_Thai_language,"['Kra–Dai', 'Tai', 'Southwestern', ' (Thai)', 'Chiang Saen', 'Northern Thai']",,nod,,,, Thailand
Khakas_language,"['Turkic', 'Common Turkic', 'Siberian Turkic', '[2]', 'South Siberian', 'Yenisei Turkic', '[3]', 'Khakas']",['Fuyu Kyrgyz'],kjh,,, Russia Khakassia,
Manchu_language,"['Tungusic', '\nSouthern', 'Jurchenic', 'Manchu–', 'Xibe', 'Manchu']",,mnc,,, Qing dynasty,
Algonquin_language,"['Algic', 'Algonquian', 'Ojibwe', '-', 'Potawatomi', 'Ojibwe', 'Severn', '-Algonquin', '[2]', 'Algonquin']",,alq,,,,
Jingpo_language,"['Sino-Tibetan', 'Jingpo']","['Singpho', 'Dzili (Jili)']",Variously:kac – Jinghpawsgp – Singphotcl – Taman,,,, China Myanmar
Georgian_language,"['Kartvelian', 'Karto-Zan', 'Georgian']",['Georgian dialects'],kat,,, Georgia,
Sadri_language,"['Indo-European', 'Indo-Iranian', 'Indo-Aryan', 'Eastern', 'Bihari', 'Sadanic', 'Nagpuri']",,Either:sck – Sadrisdr – Oraon Sadri,,," India
Jharkhand[5][6] (additional)
",
Bengali_language,"['Indo-European', 'Indo-Iranian', 'Indo-Aryan', 'Eastern', 'Bengali–Assamese', 'Gauḍic', 'Bengali']","['See ', 'Bengali dialects']",ben,,,"
 Bangladesh (national and official)
 India (8th Schedule, state official)

West Bengal
Tripura
Assam (Barak Valley)
Jharkhand (additional official)[5]
",
Ga_language,"['Niger–Congo', '?\n', 'Atlantic–Congo', 'Volta-Congo', 'Kwa', 'Ga–Dangme', 'Ga']",,gaa,,,None. Government sponsored language.,
Buginese_language,"['Austronesian', 'Malayo-Polynesian', 'South Sulawesi', 'Bugis', '–', 'Tamanic', 'Bugis', 'Buginese']",,bug,,,,
Vietnamese_language,"['Austroasiatic', 'Vietic', 'Viet–Muong', 'Vietnamese']",,vie,,, Vietnam," Czech Republic[2] Slovakia[3]
"
Walloon_language,"['Indo-European', 'Italic', 'Latino-Faliscan', 'Romance', 'Italo-Western', 'Western Romance', 'Gallo-Romance', 'Rhaeto-Romance', '[3]', ' (possibly)', 'Oïl', 'Walloon']",['Wisconsin Walloon'],wln,,,,
Bijago_language,"['Niger–Congo', '?\n', 'Atlantic–Congo', 'Atlantic', 'Senegambian', 'Bak', 'Bidyogo']","['Kagbaaga', 'Kajoko (Orango)', 'Anhaqui (Anhaki)', 'Kamona']",bjg,,,,
Awjila_language,"['Afro-Asiatic', 'Berber', 'Eastern', 'Awjila Berber language']",,auj,,,,
Kazakh_language,"['Turkic', 'Common Turkic', 'Kipchak', 'Kipchak–Nogai', 'Kazakh']",,kaz,,,"KazakhstanRussia
Altai Republic[2]
China

Ili Kazakh Autonomous Prefecture
Barköl Kazakh Autonomous County
Mori Kazakh Autonomous County
Aksay Kazakh Autonomous County

Organisations:
Organization of Turkic StatesCollective Security Treaty Organization

",
Marshallese_language,"['Austronesian', 'Malayo-Polynesian', 'Oceanic', 'Micronesian', 'Micronesian Proper', 'Nuclear Micronesian', 'Marshallese']",,mah,,, Marshall Islands,
Baki_language,"['Austronesian', 'Malayo-Polynesian', 'Oceanic', 'Southern Oceanic', 'North-Central Vanuatu', 'Central Vanuatu', 'Epi-Efate', 'Epi', 'Baki']",,bki,,,,
Gujarati_language,"['Indo-European', 'Indo-Iranian', 'Indo-Aryan', 'Western', '[2]', 'Gujarati languages', 'Gujarati']",,guj,,," India
Gujarat
Dadra and Nagar Haveli and Daman and Diu (additional)
"," South Africa (protected language)[3]
England & Wales[4]"
T%C3%BCbatulabal_language,"['Uto-Aztecan', 'Tübatulabal']",,tub,,,,
Sylheti_language,"['Indo-European', 'Indo-Iranian', 'Indo-Aryan', 'Eastern', 'Bengali–Assamese', 'Sylheti']",,syl,,,,
Venetian_language,"['Indo-European', 'Italic', 'Latino-Faliscan', 'Latin', 'Romance', 'Italo-Western', 'Western Romance', '(unclassified)', 'Venetian']","['Fiuman', 'Talian', 'Triestine', 'Chiplo']",vec,,,,"
 Italy
→  Veneto
 Brazil (Talian dialect)[6]
→  Rio Grande do Sul
→  Santa Catarina
→  São Paulo
→  Minas Gerais
→  Espírito Santo
 Mexico (Chipilo)
→  Querétaro
→  Veracruz
→  Puebla
"
Aweer_language,"['Afro-Asiatic', 'Cushitic', 'Lowland East Cushitic', 'Omo-Tana', 'East Omo-Tana', 'Aweer-Garre', 'Aweer']","['Kilii', 'Baddey', 'Bireeri', 'Jara', 'Kijee', 'Safaree']",bob,,,,
Nottoway_language,"['Iroquoian', '\nNorthern', 'Tuscarora–Nottoway', 'Nottoway']",,Either:ntw – Nottowaynwy – Nottoway-Meherrin,,,,
Hinuq_language,"['Northeast Caucasian', 'Tsezic', 'Tsez–Hinukh', 'Hinuq']",,gin,,,,
Ruthenian_language,"['Indo-European', 'Balto-Slavic', 'Slavic', 'East Slavic', 'Ruthenian']",,None (mis),,,Grand Duchy of Lithuania[3][4] (later replaced by Polish[4]),
Gikuyu_language,"['Niger–Congo', '?\n', 'Atlantic–Congo', 'Volta-Congo', 'Benue–Congo', 'Bantoid', 'Southern Bantoid', 'Bantu', 'Northeast Bantu', 'Thagiicu', 'Kikuyu-', 'Temi', '[2]', 'Kikuyu']","['Gichugu', 'Mathira', 'Ndia', 'Northern Gikuyu', 'Southern Gikuyu']",kik,,,,
Nagumi_language,"['Niger–Congo', '?\n', 'Atlantic–Congo', 'Benue–Congo', 'Southern Bantoid', 'Bantu', '? (', 'Zone A', ')', 'Mbam', 'Jarawan', 'Nagumi']",,ngv,,,,
Shan_language,"['Kra–Dai', 'Tai', 'Southwestern', 'Northwestern (Shan)', 'Shan']","['Standard (Eastern)', 'Khün', 'Tai Nuea', 'Khamti', 'Tai Laing', 'Aiton', 'Phake', 'Khamyang', 'Turung']",shn,,,, Myanmar
Spanish_language,"['Indo-European', 'Italic', 'Latino-Faliscan', 'Romance', 'Italo-Western', 'Western Romance', 'Ibero-Romance', 'West Iberian', 'Castilian', '[2]', '[3]', 'Spanish']",,spa,Native: 500 million (2023)[1]Total: 600 million[1]100 million speakers with limited capacity (23 million students)[1],,"
20
countries
Argentina
Bolivia
Chile
Colombia
Costa Rica
Cuba
Dominican Republic
Ecuador
El Salvador
Equatorial Guinea
Guatemala
Honduras
Mexico
Nicaragua
Panama
Paraguay
Peru
Spain
Uruguay
Venezuela



Dependent territories
Puerto Rico



Partially recognized country
Sahrawi Arab Democratic Republic



Significant minority
Andorra
Belize
Gibraltar
United States



Internationalorganizations
 African Union
 Association of Caribbean States
 Caribbean Community
 CELAC
 European Union
 ALADI
 Latin American Parliament
 Mercosur
 OSCE
 Organization of American States
 United Nations
 Union of South American Nations
 Organization of Ibero-American States

",
Tetum_language,"['Austronesian', 'Malayo-Polynesian', 'Central–Eastern', 'Timor–Babar', 'Tetumic', 'Tetum']","['Belunese (', 'Tetun Belu', ')', 'Terik (', 'Tetun Terik', ')']",tet,,, East Timor, Indonesia (East Nusa Tenggara)
Evenki_language,"['Tungusic', '\nNorthern', 'Ewenic', 'Evenki group', 'Evenki']",,evn,,,,
Tamang_language,"['Sino-Tibetan', 'Tamangic', 'Tamang']",,Variously:taj – Eastern Tamangtdg – Western Tamangtge – Eastern Gorkha Tamang,,,"   Nepal
Bagmati Province
 India

Sikkim (additional)[3]
",
Asturian_language,"['Indo-European', 'Italic', 'Latino-Faliscan', 'Latin', 'Romance', 'Italo-Western', 'Western', 'Iberian Romance', 'West Iberian', 'Asturleonese', 'Asturian']",['Western Asturian'],ast,,,,Asturias[2]  (Spain)
Portuguese_language,"['Indo-European', 'Italic', 'Latino-Faliscan', 'Latin', 'Romance', 'Italo-Western', 'Western Romance', 'Gallo', '-', 'Iberian', 'Iberian Romance', 'West Iberian', 'Galician–Portuguese', 'Portuguese']",,por,Native: 230 million (2012–2020)[1]L2: 25 million (2018–2020)[1]Total: 260 million[1],,"
9 countries
 Angola
 Brazil
 Cape Verde
 East Timor
 Equatorial Guinea[2]
 Guinea-Bissau
 Mozambique
 Portugal
 São Tomé and Príncipe



1 dependency
 Macau (China)
               
","
Cultural language
Uruguay[3][4][5]
 Spain (Galician language)
South Africa
Numerous international organizations
"
Omotik_language,"['Nilo-Saharan', '?\n', 'Eastern Sudanic', 'Nilotic', 'Southern Nilotic', 'Omotik-', 'Datooga', 'Omotik']",,omt,,,,
Carrier_language,"['Dené–Yeniseian', '?\n', 'Na-Dené', 'Athabaskan', 'Northern Athabaskan', 'Dakelh']","['Southern', ""Nak'albun/Dzinghubun""]",Either:crx – Carriercaf – Southern Carrier,,,,
Even_language,"['Tungusic', '\nNorthern', 'Even']",,eve,,,,
Sinhala_language,"['Indo-European', 'Indo-Iranian', 'Indo-Aryan', 'Southern Zone', 'Insular Indo-Aryan', 'Sinhala']","['Vedda', ' (perhaps a ', 'Creole language', ')']",sin,L1: 16 million (2019)[1]L2: 2.0 million  (1997)[1],, Sri Lanka,
Azerbaijani_language,"['Turkic', 'Common Turkic', 'Oghuz', 'Western Oghuz', 'Azerbaijani']","['Afshar', 'Sonqori', 'Yerevan', 'various others']",aze – inclusive codeIndividual codes:azj – North Azerbaijaniazb – South Azerbaijani,,,AzerbaijanDagestan (Russia)Organization of Turkic States,
Wa_language,"['Austroasiatic', 'Khasi–Palaungic', 'Palaungic', 'Waic', 'Wa']",,Variously:prk – Paraukwbm – Vovwa – Awa,,,,
Abure_language,"['Niger–Congo', '?\n', 'Atlantic–Congo', 'Kwa', 'Potou–Tano', 'Tano', 'West', 'Abure']",,abu,,,,
Adele_language,"['Niger–Congo', '?\n', 'Atlantic–Congo', 'Kwa', 'Anii–Adere', 'Adele']",,ade,,,,
Macedonian_language,"['Indo-European', 'Balto-Slavic', 'Slavic', 'South Slavic', 'Eastern South Slavic', 'Macedonian']",['Macedonian dialects'],mkd,,, North Macedonia,"
 Albania
 Bosnia and Herzegovina[3]
 Romania[4]
 Serbia[5]
"
Tangut_language,"['Sino-Tibetan', 'Tibeto-Burman', 'Qiangic', 'Gyalrongic', 'West Gyalrongic', 'Tangut']",,txg,,,Western Xia,
Baga_language,"['Niger–Congo', '?\n', 'Atlantic–Congo', 'Mel', 'Temne', 'Baga languages', 'Baga']",,Variously:bgo – Kogabsp – Sitemubmd – Mandaribqf – Kaloum (spurious)bsv – Sobané (spurious),,,,
Luba-Kasai_language,"['Niger–Congo', '?\n', 'Atlantic–Congo', 'Volta-Congo', 'Benue–Congo', 'Bantoid', 'Southern Bantoid', 'Bantu', 'Luban', 'Luba languages', 'Tshiluba']","['Ciluba-Lubilanji /Cena-Lubilanji (in Mbuji-Mayi, Tshilenge district, and western Gandajika territory)', 'Cena-Lulua (in Kananga, central-northern Lulua district, and eastern Luebo territory)', 'Cikwa-Nyambi (in Northern Kamonia territory & Tshikapa)', 'Cikwa-Luntu (in Dimbelenge territory)']",lua,,, Democratic Republic of Congo (national language),
Tzotzil_language,"['Mayan', 'Cholan–Tzeltalan', 'Tzeltalan', 'Tzotzil']",,tzo,,,,
Arrernte_language,"['Pama–Nyungan', 'Arandic', 'Arrernte', 'Upper Arrernte']",,Variously:amx – Anmatjirraaly – Alyawarradg – Antekerrepenheaer – Eastern Arrernteare – Western Arrernteaxe – Ayerrerenge,,,,
Oroch_language,"['Tungusic', 'Udegheic', 'Oroch']",,oac,,,,
Mongolian_language,"['Mongolic', '\nCentral Mongolic', 'Buryat', '–Mongolian', 'Mongolian']","['Khalkha', 'Oirat', 'Peripheral']",mon – inclusive codeIndividual codes:khk – Khalkha Mongolianmvf – Peripheral Mongolian (part),,," Mongolia China
Inner Mongolia[2]
Xinjiang
Bortala Mongol Autonomous Prefecture
Bayingolin Mongol Autonomous Prefecture
Hoboksar Mongol Autonomous County
Qinghai
Haixi Mongol and Tibetan Autonomous Prefecture
",
Hungarian_language,"['Uralic', 'Finno-Ugric', 'Ugric', '[2]', '[3]', '[4]', 'Hungarian']",,Either:hun – Modern Hungarianohu – Old Hungarian,,,"
Hungary
European Union
Serbia (in Vojvodina)
Austria (in Burgenland)
Slovenia (in Prekmurje)
","
Romania (in Transylvania)
Croatia[5]
Slovakia
Czech Republic
Ukraine (in Berehove, Mukachevo, Vynohradiv and Uzhhorod districts of Transcarpathian region (Zakarpattia Oblast))[citation needed]
"
Raga_language,"['Austronesian', 'Malayo-Polynesian', 'Oceanic', 'Southern Oceanic', 'North-Central Vanuatu', 'North Vanuatu', 'Raga']",,lml,,,,
M%C4%81ori_language,"['Austronesian', 'Malayo-Polynesian', 'Oceanic', 'Polynesian', 'Eastern Polynesian', 'Tahitic', 'Māori–', 'Moriori', 'Māori']",,mri,,,New Zealand,
Norwegian_language,"['Indo-European', 'Germanic', 'Northwest Germanic', '[2]', 'North Germanic', 'West Scandinavian', ' (', 'disputed', ')', 'Norwegian']",,nor – inclusive codeIndividual codes:nob – Bokmålnno – Nynorsk,,,Norway,
Romanian_language,"['Indo-European', 'Italic', 'Latino-Faliscan', 'Latin', 'Romance', 'Eastern Romance', 'Northern Romanian?', '[b]', 'Eastern Romanian?', '[b]', 'Romanian']","['Transylvanian', 'Crișana', 'Moldavian', 'Banat', 'Wallachian', 'Maramureș', 'Bukovinian']",ron,,," Romania[5] Moldova[6] Transnistria (as ""Moldovan"")[7] Vojvodina (Serbia)[8] European Union[9]"," Hungary[10] Serbia (both as Romanian and ""Vlach"")[11] Ukraine (both as Romanian and ""Moldovan"")[12]"
Quinqui_language,['Cant'],,quq,,,,
Greek_language,"['Indo-European', 'Graeco-Phrygian', ' (?)', 'Hellenic', 'Greek']","['Ancient dialects', 'Koine', 'Medieval', 'Modern dialects']",Variously:ell – Modern Greekgrc – Ancient Greekcpg – Cappadocian Greekgmy – Mycenaean Greekpnt – Pontictsd – Tsakonianyej – Yevanic,,,"
 Greece
 Cyprus
 European Union
","
 Albania
 Armenia
 Hungary
 Italy (Apulia and Calabria)
 Romania
 Turkey[2][3][4][5]
 Ukraine
"
Wintu_language,"['Wintuan', '\nNorthern', 'Wintu']",,wnw,,,,
Dargwa_language,"['Northeast Caucasian', 'Dargin', 'Dargwa']",,dar  (also Dargin languages),,," Russia
 Dagestan
",
Ukrainian_language,"['Indo-European', 'Balto-Slavic', 'Slavic', 'East Slavic', 'Ukrainian']","['Balachka', 'Canadian', 'Pokuttia-Bukovina', 'Hutsul', 'Among others, see: ', 'Ukrainian dialects']",ukr,,,Ukraine,BelarusRussian FederationBosnia and Herzegovina[2]Croatia[2]Czech Republic[3]Hungary[4]Moldova[5]Poland[2]Romania[2]Serbia[2]Slovakia[2]
Tahitian_language,"['Austronesian', 'Malayo-Polynesian', 'Oceanic', 'Polynesian', 'Eastern Polynesian', 'Tahitic', 'Tahitian']",,tah,,,, French Polynesia
Afar_language,"['Afro-Asiatic', 'Cushitic', 'Lowland East Cushitic', 'Saho–Afar', 'Afar']","['Aussa ', "" Ba'adu "", ' Central Afar ', ' Northern Afar']",aar,,, Ethiopia, Djibouti Eritrea
Gothic_language,"['Indo-European', 'Germanic', 'East Germanic', ' †', 'Gothic']","['Crimean Gothic', ' †']",got,,,,
Canichana_language,"['Tequiraca–Canichana', '?\n', 'Canichana']",,caz,,, Bolivia,
Pirah%C3%A3_language,"['Mura', 'Pirahã']",,myp,,,,
Assamese_language,"['Indo-European', 'Indo-Iranian', 'Indo-Aryan', 'Eastern', 'Bengali–Assamese', 'Assamese']","['Eastern, Central, ', 'Kamrupi', ', ', 'Goalpariya']",asm,,," India
Assam
",
Igala_language,"['Niger–Congo', '?\n', 'Atlantic–Congo', 'Volta-Congo', 'Volta–Niger', 'yeai', 'Yoruboid', 'Igala']",,igl,,,,
Kwadi_language,"['Khoe–Kwadi', '[1]', '[2]', 'Kwadi']",,kwz,,,,
Akkadian_language,"['Afro-Asiatic', 'Semitic', 'East Semitic', 'Akkadian']","['Old Akkadian', '[1]', '[2]', 'Assyrian', 'Babylonian', '[3]', 'Canaano-Akkadian', '[4]', '[5]']",akk,,,Initially Akkad (central Mesopotamia); lingua franca of the Middle East and Egypt in the late Bronze and early Iron Ages.,
Itelmen_language,"['Chukotko-Kamchatkan', 'Kamchatkan', 'Itelmen']",,itl,,,,
Lao_language,"['Kra–Dai', 'Tai', 'Southwestern Tai', ' (Thai)', 'Lao–Phutai', 'Lao']","['Northern Lao (Louang Phrabang Lao)', 'Northeastern Lao (Phuan)', 'Central Lao', 'Southern Lao', 'Western Lao (Isan)']",Either:lao – PDR Laotts – Isan (Thailand Lao),,, Laos," Thailand Cambodia
 Vietnam"
Lithuanian_language,"['Indo-European', 'Balto-Slavic', 'Baltic', 'East Baltic', 'Lithuanian']","['Samogitian', ', ', 'Aukštaitian']",Either:lit – Modern Lithuanianolt – Old Lithuanian,,, Lithuania European Union, Poland
Muscogee_Creek_language,"['Muskogean', '\nEastern', 'Muscogee']",,mus,,, United States   Muscogee Nation,
Ilocano_language,"['Austronesian', 'Malayo-Polynesian', 'Philippine', 'Northern Luzon', 'Ilocano']",,ilo,,,La Union[4], Philippines
Turkish_language,"['Turkic', 'Common Turkic', 'Oghuz', 'Western Oghuz', 'Turkish']","['Cypriot Turkish', 'Iraqi Turkmen', 'Karamanli Turkish', 'Meskhetian Turkish', '[2]', 'Rumelian Turkish', 'Syrian Turkish', '[3]']",tur,"L1: 84 million (2018)[1]L2: 6.0 million (2019)[1]
Total: 90 million[1]",,CyprusNorthern CyprusTurkey,Bosnia and Herzegovina[4] Croatia[5][6]Greece[7]Iraq[a][9][10][11]Kosovo[b][9]North Macedonia[c][9]Romania[9][14]
Achang_language,"['Sino-Tibetan', 'Tibeto-Burman', 'Lolo–Burmese', 'Burmish', 'Achang']",,acn,,,,
Dutch_language,"['Indo-European', 'Germanic', 'West Germanic', 'Weser–Rhine Germanic', 'Low Franconian', ' (', 'Frankish', ')', 'Dutch']","['Central', 'Flemish', 'Low Saxon', 'Stadsfries', 'West Frisian']",nld  Dutch/Flemish,,,"
 Belgium
 Netherlands
 Aruba
 Bonaire
 Curaçao
 Sint Eustatius
 Sint Maarten
 Saba
 Suriname


Organisations
 Benelux
 Caribbean Community
 European Union
PROSUR
 Union of South American Nations

",
Russian_language,"['Indo-European', 'Balto-Slavic', 'Slavic', 'East Slavic', 'Russian']",,rus,,,"
5 UN member states

 Russia (state)[2]
 Belarus (co-official)[3]
 Kazakhstan (co-official)[4]
 Kyrgyzstan (co-official)[5]
 Tajikistan (as inter-ethnic language designated by the constitution)[6]



As inter-ethnic language but with no official status, or as official on regional level

 Uzbekistan[b] (as inter-ethnic language despite having no de jure status)[7][8][9]
 Moldova:
 Gagauzia (co-official)[10]
Left Bank of the Dniester (co-official)
 Ukraine:
 Autonomous Republic of Crimea[c]


Partially recognized states

 Abkhazia[d] (co-official)[11]
 South Ossetia[d] (co-official)[12]
 Transnistria (state)[13]


Organizations

 United Nations:
IAEA
ICAO
UNESCO
WHO
CIS
EAEU
CSTO
SCO
OSCE
ATS
ISO
","
List

 Romania[14]
 Armenia[15]
 Czech Republic[16]
 Slovakia[15]
 Moldova[17]
 Ukraine[18]
 China[19][20]

"
Aromanian_language,"['Indo-European', 'Italic', 'Latino-Faliscan', 'Latin', 'Romance', 'Eastern Romance', 'Southern Romanian?', '[a]', 'Aromanian']","['Farsherot (incl. Muzachiar)', 'Moscopolean', 'Gopeš–Malovište', 'Pindean (incl. Olympiot)', 'Gramostean']",rup,,,, Albania North Macedonia
Ramanos_language,['unclassified'],,None (mis),,,,
Faroese_language,"['Indo-European', 'Germanic', 'North Germanic', 'West Scandinavian', 'Insular Scandinavian', 'Faroese']",,fao,,,Faroe Islands,Denmark
Corsican_language,"['Indo-European', 'Italic', 'Latino-Faliscan', 'Latin', 'Romance', 'Italo-Western', 'Italo-Dalmatian', 'Italo-Romance', 'Tuscan', 'Corsican']","['Northern Corsican', 'Southern Corsican', 'Gallurese', '[a]', 'Sassarese', '[a]', 'Central Corsican', 'Western Elban', 'Capraiese', 'Castellanese']",cos – Corsican,,,, France ( Corsica)
Gallo_language,"['Indo-European', 'Italic', 'Latino-Faliscan', 'Romance', 'Italo-Western', 'Western Romance', 'Gallo-Romance', 'Gallo-Rhaetian', '[2]', ' (possibly)', 'Oïl', 'Gallo']",,–,,,,"France
Brittany
Loire-Atlantique, Pays de la Loire
"
Nepali_language,"['Indo-European', 'Indo-Iranian', 'Indo-Aryan', 'Northern Zone', 'Eastern Pahari', 'Nepali']",,nep – inclusive codeIndividual code:npi – Nepali,,,"   Nepal India[b]
Sikkim[c]
West Bengal[d]
", Bhutan
Bulgarian_language,"['Indo-European', 'Balto-Slavic', 'Slavic', 'South Slavic', 'Eastern South Slavic', 'Bulgarian']",['Bulgarian dialects'],bul,L1: 7.6 million in Bulgaria (2011 census)[4]L1 + L2: c. 10 million in all countries (2023)[5],,BulgariaEuropean Union,"
Albania
Czech Republic[6]
Hungary[7]
Moldova
Romania[8]
Russia
Serbia
Turkey[9][10][11][12]
Ukraine
"
Alyutor_language,"['Chukotko-Kamchatkan', 'Chukotkan', 'Alyutor']","['Alutor', 'Palana Koryak']",alr,,,"Tigilsky District, Karaginsky District, Kamchatka (Russia)",
Zuni_language,['Language isolate'],,zun,,,,
Abellen_language,"['Austronesian', 'Malayo-Polynesian', 'Philippine', 'Central Luzon', 'Sambalic', 'Abellen']",,abp,,,,
Fula_language,"['Niger–Congo', '?\n', 'Atlantic–Congo', 'West Atlantic', 'Senegambian', 'Fula–Wolof', 'Fulani']",,"ful – inclusive code – FulahIndividual codes:fuc – Pulaar (Senegambia, Mauritania)fuf – Pular (Guinea, Sierra Leone)ffm – Maasina Fulfulde (Mali, Ghana)fue – Borgu Fulfulde (Benin, Togo)fuh – Western Niger Fulfulde (Burkina, Niger)fuq – Central–Eastern Niger Fulfulde (Niger)fuv – Nigerian Fulfulde (Nigeria)fub – Adamawa Fulfulde (Cameroon, Chad, Nigeria)fui – Bagirmi Fulfulde (CAR)",,,Burkina FasoMali, Cameroon  Niger
Dolgan_language,"['Turkic', 'Common Turkic', 'Siberian Turkic', 'Northern Siberian', 'Dolgan']","['Yenisei Dialect', 'Western Dialect\n', 'Norilsk Dialect', 'Western Dialect\n', 'Avam Dialect', 'Central Dialect\n', 'Khatanga Dialect', '\nEastern Dialect']",dlg,,,,
Kaingang_language,"['Macro-Jê', 'Jê', 'Jê of Paraná', 'Southern Jê', 'Kaingang']",,Either:kgp – Kaingangzkp – São Paulo Kaingáng,,,,
Dungan_language,"['Sino-Tibetan', 'Sinitic', 'Chinese', 'Mandarin', 'Central Plains Mandarin', 'Dungan']",,dng,,,,
Lakha_language,"['Sino-Tibetan', 'Tibeto-Kanauri', '\xa0?', 'Bodish', 'Tibetic', 'Dzongkha–Lhokä', 'Lakha']",,lkh,,,,
Irish_language,"['Indo-European', 'Celtic', 'Insular Celtic', 'Goidelic', 'Irish']","['Connacht Irish', 'Leinster Irish ', '†', 'Munster Irish', 'Newfoundland', ' ', '†', 'Ulster Irish']",gle,,,Ireland[a]Northern Ireland[2]European Union,
Western_Armenian_language,"['Indo-European', 'Armenian', 'Western Armenian']",,hyw,,,,
Rohingya_language,"['Indo-European', 'Indo-Iranian', 'Indo-Aryan', 'Eastern', 'Bengali–Assamese', 'Rohingya']",,rhg,,,,
Muskum_language,"['Afro-Asiatic', 'Chadic', 'Biu–Mandara', 'East–Central', 'Munjuk', ' (B.2)', 'Muskum']",,mje,,,,
Chuvash_language,"['Turkic', 'Oghuric', 'Chuvash']",,chv,,,Chuvashia (Russia),
West_Frisian_language,"['Indo-European', 'Germanic', 'West Germanic', 'North Sea Germanic', 'Anglo-Frisian', 'Frisian', 'West Frisian', 'Westlauwers–', 'Terschellings', 'West Frisian']",,fry,,,"Netherlands
Friesland
",
Classical_Chinese_language,"['Sino-Tibetan', 'Sinitic', 'Chinese', 'Classical Chinese']",,lzh,,,,
Ossetian_language,"['Indo-European', 'Indo-Iranian', 'Iranian', 'Eastern', 'Scythian', 'Ossetian']","['Digor', 'Iron', 'Jassic', ' ', '†']",oss,,,"
 Russia
  North Ossetia–Alania



 Georgia
  Provisional Administration of South Ossetia



Partially recognized states: South Ossetia",
Hausa_language,"['Afro-Asiatic', 'Chadic', 'West', 'Hausa–Gwandara', ' (A.1)', 'Hausa']",,hau,L1: 54 million (2021–2023)[1]L2: 34 million (2021–2023)[1] Total: 88 million (2021)[1],, Niger (national status) Nigeria (national status), Benin
Filipino_language,"['Austronesian', 'Malayo-Polynesian', 'Philippine', 'Greater Central Philippine', 'Central Philippine', 'Kasiguranin', '–', 'Tagalog', 'Tagalog', 'Filipino']",,fil,,, Philippines,"United States, United Arab Emirates"
Scots_language,"['Indo-European', 'Germanic', 'West Germanic', 'North Sea Germanic', 'Anglo-Frisian', 'Anglic', 'Scots']","['Central', 'Southern', 'Ulster', 'Northern', 'Insular', 'Cromarty', ' ', '†', 'Doric', 'Glasgow']",sco,,,Scotland[2],Northern Ireland (as Ulster Scots)Republic of Ireland (County Donegal; also as Ulster Scots)
Haida_language,['Language isolate'],,hai – inclusive codeIndividual codes:hdn – Northern Haidahax – Southern Haida,,, Council of the Haida Nation   Alaska,
Saurashtra_language,"['Indo-European', 'Indo-Iranian', 'Indo-Aryan', 'Western Indo-Aryan', 'Gujarati', 'Saurashtra']","['Northern Saurashtra', 'Southern Saurashtra']",saz,,,,
Crimean_Tatar_language,"['Turkic', 'Common Turkic', 'Kipchak', 'Kipchak–', 'Cuman', 'Crimean Tatar']","['Northern', 'Central', 'Southern']",crh,,,Republic of Crimea[a][2] (Russia)Autonomous Republic of Crimea[a][3] (Ukraine),Romania[4] (Dobrujan Tatar)
Tagalog_language,"['Austronesian', 'Malayo-Polynesian', 'Philippine', '?', 'Greater Central Philippine', 'Central Philippine', 'Kasiguranin', '–Tagalog', 'Tagalog']","['Bataan', 'Batangas', 'Bulacan', 'Lubang', 'Manila', 'Marinduque', 'Puray', 'Tanay–Paete (Eastern Rizal-Northern Laguna)', 'Tayabas', ' ', '[2]']",tgl,,,"Philippines (as Filipino)

ASEAN (as Filipino)",Philippines (as a regional language and an auxiliary official language in the predominantly Tagalog-speaking areas of the Philippines)
Romansh_language,"['Indo-European', 'Italic', 'Latino-Faliscan', 'Romance', 'Italo-Western', 'Western Romance', 'Gallo-Romance', 'Rhaeto-Romance', ' or Gallo-Rhaetian', '[3]', 'Romansh']","['Sursilvan', 'Tuatschin', 'Vallader', 'Jauer', 'Putèr', 'Surmiran', 'Sutsilvan']",roh,,,  Switzerland,
Somali_language,"['Afro-Asiatic', 'Cushitic', 'Lowland East', 'Macro-Somali', 'Somali languages', 'Somali']","['Ashraf', ' ', ' ', 'Benadiri', ' ', ' ', 'Maay', ' ', 'Northern Somali']",som,,, Somalia  Somaliland Djibouti  Ethiopia, Kenya
Kabyle_language,"['Afro-Asiatic', 'Berber', 'Northern Berber', 'Kabyle']",,kab,,,,
Wolof_language,"['Niger–Congo', '?\n', 'Atlantic–Congo', 'West Atlantic', 'Senegambian', 'Fula–Wolof', 'Wolof']","['Baol', 'Cayor', 'Jolof', 'Lebu', 'Jander', 'Dakar–Wolof']",Either:wol – Wolofwof – Gambian Wolof,,,,
Cham_language,"['Austronesian', 'Malayo-Polynesian', 'Chamic', 'Coastal', 'Cham']","['Western Cham (245,000)', '[2]', 'Eastern Cham (73,000)', '[', 'citation needed', ']']",Either:cja – Western Chamcjm – Eastern Cham,,,, Vietnam Cambodia
Adnyamathanha_language,"['Pama–Nyungan', 'Thura-Yura', 'Yura', 'Adnyamathanha; Kuyani']",,Either:adt – Adnyamathanhagvy – Guyani,,,,
English_language,"['Indo-European', 'Germanic', 'West Germanic', 'North Sea Germanic', 'Anglo-Frisian', 'Anglic', 'English']",,eng,L1: 380 million (2021)[2]L2: 1.077 billion (2021)[3]Total: 1.457 billion,,"
58 countries
31 non-sovereign entities

Various organisations

United Nations
European Union
Commonwealth of Nations
Council of Europe
ICC
IMF
IOC
ISO
NATO
WTO
NAFTA
OAS
OECD
OIC
OPEC
GUAM Organization for Democracy and Economic Development
PIF
UKUSA Agreement
ASEAN
ASEAN Economic Community
SAARC
Caribbean Community
Organization of Turkic States
Türksoy
ECO


","
Malaysia
Sri Lanka
"
Uzbek_language,"['Turkic', 'Common Turkic', 'Karluk', '[2]', 'Uzbek']",['Southern Uzbek'],uzb – inclusive codeIndividual codes:uzn – Northernuzs – Southern,,,"
Uzbekistan
Organization of Turkic States
","
Afghanistan[b]
China[4]
Tajikistan
Kazakhstan
Turkmenistan
Kyrgyzstan
Russia
"
Gagauz_language,"['Turkic', 'Common Turkic', 'Oghuz', 'Western Oghuz', 'Gagauz']",,gag,,,Gagauzia (Moldova),Ukraine
Saraiki_language,"['Indo-European', 'Indo-Iranian', 'Indo-Aryan', 'Northwestern', 'Saraiki']",,skr,,,,
Teribe_language,"['Chibchan', 'Talamanca', 'Teribe']",,tfr,,,,
Arabela_language,"['Zaparoan', '\nArabela–Andoa', 'Arabela']",,arl,,, Peru[2],
Dair_language,"['Nilo-Saharan', '?\n', 'Eastern Sudanic', 'Astaboran', 'Nubian', 'Hill Nubian', 'Dair']",,drb,,,,
Burmese_language,"['Sino-Tibetan', 'Tibeto-Burman', 'Lolo-Burmese', 'Burmish', 'Myanmar Language']",,"mya – inclusive codeIndividual codes:mya – Myanmarint – Inthatco – Taungyorki – Rakhinermz – Marma (""မရမာ"")Tay – Tavoyan dialects",,, Myanmar,
Gwich%27in_language,"['Dené–Yeniseian', '?\n', 'Na-Dené', 'Athabaskan', 'Northern Athabaskan', 'Gwichʼin']","['Western', 'Eastern']",gwi,,,Canada (Northwest Territories)[2]United States(Alaska)[3],
Sherpa_language,"['Sino-Tibetan', 'Tibeto-Burman', 'Tibeto-Kanauri', ' (?)', 'Bodish', 'Tibetic', 'Southern Tibetic', 'Sherpa\xa0']",,xsr,,," Nepal India
Sikkim (additional)[2]
",
Akan_language,"['Niger–Congo', '?\n', 'Atlantic–Congo', 'Volta-Congo', 'Kwa', 'Potou–Tano', 'Tano', 'Central Tano', 'Akan']","['Twi', '• ', 'Ahafo', '• ', 'Akuapem', '• ', 'Akyem Bosome', '• Asante', '• ', 'Asen', '• ', 'Denkyira', '• ', 'Kwawu', 'Fante', '• ', 'Agona', '• Anomabo', '• Abura', '• Gomoa', 'Wasa']",aka,,,None.— Government-sponsored language of Ghana,
Bosnian_language,"['Indo-European', 'Balto-Slavic', 'Slavic', 'South Slavic', 'Western', 'Serbo-Croatian', 'Shtokavian', 'New Shtokavian', 'Eastern Herzegovinian', 'Bosnian']",,bos,,, Bosnia and Herzegovina (co-official) Montenegro (co-official)[3], Serbia Croatia North Macedonia Kosovo
Ndyuka_language,"['English Creole', '\nAtlantic', 'Suriname', 'Ndyuka']",['Aluku'],djk,,,,
Romani_language,"['Indo-European', 'Indo-Iranian', 'Indo-Aryan', 'Western Indo-Aryan', '[3]', 'Romani']","['Balkan Romani', ' (including ', 'Zargari Romani', ')', 'Baltic Romani', 'Carpathian Romani', 'Northern Romani', ' (including ', 'Finnish Kalo', ', ', 'Sinte Romani', ', ', 'Welsh Romani', ')', 'Vlax Romani']",rom – inclusive codeIndividual codes:rmn – Balkan Romanirml – Baltic Romanirmc – Carpathian Romanirmf – Finnish Kalormo – Sinte Romanirmy – Vlax Romanirmw – Welsh Romani,,,,"
 Austria[4]
 Bosnia and Herzegovina[5]
 Colombia[6]
 Finland[7]
 Germany[8]
 Hungary[9]
 Kosovo[10]
 Montenegro[5]
 North Macedonia[5]
 Norway[11]
 Poland[5]
 Denmark[5]
 Romania[5]
 Serbia[5]
 Slovakia[5]
 Sweden[5]
"
Albanian_language,"['Indo-European', 'Albanoid', 'Albanian']","['Gheg', 'Tosk', 'Arbëresh', 'Arvanitika', 'Upper Reka', 'Arbanasi', 'Istrian', ' ', '†']",sqi – inclusive codeIndividual codes:aae – Arbëreshaat – Arvanitikaaln – Ghegals – Tosk,,, Albania Kosovo North Macedonia (co-official) Montenegro (co-official)[3], Italy[4] Serbia[5] Croatia[6] Romania[7]
Godoberi_language,"['Northeast Caucasian', 'Avar–Andic', 'Andic', 'Akhvakh–Tindi', 'Karata–Tindi', 'Botlikh–Tindi', 'Godoberi']",,gdo,,,,
Punjabi_language,"['Indo-European', 'Indo-Iranian', 'Indo-Aryan', 'Northwestern', 'Punjabi']","['See', ' ', 'Punjabi dialects']",Either:pan – Panjabipnb – Western Panjabi,,," Pakistan
 Punjab (provincial)[c][11]
 India

Punjab (official)[12][13]
Haryana (additional)[14]
Delhi (additional)[15]
West Bengal (additional, in blocks and divisions with more than 10% of the population)[16]
",
Galician_language,"['Indo-European', 'Italic', 'Latino-Faliscan', 'Latin', 'Romance', 'Italo-Western', 'Western Romance', 'Ibero-Romance', 'West Iberian', 'Galician-Portuguese', 'Galician']",,glg,,,"Spain
Galicia
","El Bierzo (Castile and León, Spain)"
Lepcha_language,"['Sino-Tibetan', 'Tibeto-Burman', 'Himalayish', 'Lepcha']",,lep,,," India
Sikkim
",
Meadow_Mari_language,"['Uralic', 'Mari', 'Meadow Mari']",,mhr,,,, Russia Mari El
Igbo_language,"['Niger–Congo', '?\n', 'Atlantic–Congo', 'Volta–Congo', 'Volta–Niger', 'Igboid', 'Nuclear Igboid', 'Igbo']","['Isu', ', ', 'Aguata', ', ', 'Aguleri', ', ', 'Arochukwu', ', ', 'Awka', ', ', 'Anioma', ', ', 'Bende', ', ', 'Edda', ', ', 'Egbema', ', ', 'Ekpeye', ', ', 'Enuani', ', ', 'Etche', ', ', 'Ezza', ', ', 'Idemili', ', ', 'Igbanke', ', ', 'Ika', ', ', 'Ikwerre', ', ', 'Isobo', ', ', 'Ikwo', ', ', 'Izzi', ', ', 'Mbaise', ', ', 'Mgbo', ', ', 'Ndoki', ', ', 'Ngwa', ', ', 'Nkanu', ', ', 'Nnewi', ', ', 'Nsukka', ', ', 'Onitsha', ', ', 'Ogbaru', ', ', 'Ogba', ', ', 'Ohafia', ', ', 'Ohuhu', ', ', 'Okigwe', ', ', 'Owerri', ', ', 'Ukwuani', ', ', 'Waawa', '[3]']",ibo,,, Nigeria  (national status)," Cameroon[4]
 Equatorial Guinea[4]"
Chickasaw_language,"['Muskogean', '\nWestern Muskogean', 'Chickasaw']",,cic,,,,
Buhid_language,"['Austronesian', 'Malayo-Polynesian', 'Philippine', 'Greater Central Philippine', 'South Mangyan', 'Buhid']",,bku,,,,
Sikkimese_language,"['Sino-Tibetan', 'Tibeto-Burman', 'Tibeto-Kanauri', ' (?)', 'Bodish', 'Tibetic', 'Dzongkha–Lhokä', 'Sikkimese']",,sip,,," India
Sikkim
",
Tai_Dam_language,"['Kra–Dai', 'Tai', 'Southwestern', ' (Thai)', 'Chiang Saen', 'Tai Dam']",,blt,,,, Vietnam Thailand
Kumyk_language,"['Turkic', 'Common Turkic', 'Kypchak', 'Kypchak–Cuman', 'Kumyk']",,kum,,,Dagestan (Russia),
Apache_language,,,,,,,
Cahuarano_language,"['Zaparoan', '\nIquito–Cahuarano', 'Cahuarano']",,cah,,,,
Adjukru_language,"['Niger–Congo', '?\n', 'Atlantic–Congo', 'Kwa', 'Adjukru']",,adj,,,,
Marathi_language,"['Indo-European', 'Indo-Iranian', 'Indo-Aryan', 'Southern Indo-Aryan', 'Marathi-Konkani', 'Marathi']","['Maharashtrian Konkani', 'Varhadi Marathi', 'Thanjavur Marathi', 'East Indian Marathi', 'Judeo-Marathi', 'Jhadi boli', 'Kasargodan Marathi']",Either:mar – Modern Marathiomr – Old Marathi,,," India
Maharashtra
Goa[4][5] (additional)
",
Thai_language,"['Kra–Dai', 'Tai', 'Southwestern Tai', 'Chiang Saen', 'Sukhothai', 'Thai']",,tha,,, Thailand, Cambodia   Laos   Malaysia   Myanmar
Cheyenne_language,"['Algic', 'Algonquian', 'Cheyenne']",,chy,,,,
Inari_S%C3%A1mi_language,"['Uralic', 'Sámi', 'Eastern', 'Inari Sámi']",,smn,,,,Finland[2]
Korean_language,"['Koreanic', 'Korean']","['see ', 'Korean dialects']",kor,,, South Korea North Korea, China (Yanbian Prefecture and Changbai County)
Central_Bikol_language,"['Austronesian', 'Malayo-Polynesian', 'Philippine', 'Central Philippine', 'Bikol languages', 'Coastal Bikol', 'Central Bikol']",,bcl,,,,Regional language in the Philippines
Tulu_language,"['Dravidian', '\nSouth Dravidian', 'South Dravidian I', 'Southwestern Dravidian', 'Kudiya', '–Tulu', 'Tulu']",,tcy,,,,
Kabardian_language,"['Northwest Caucasian', 'Circassian', 'Kabardian']",,kbd,,," Russia
 Kabardino-Balkaria
 Karachay-Cherkessia
", Israel Jordan Syria Libya
Abui_language,"['Trans–New Guinea', '\xa0?\n', 'West Bomberai', '\xa0?', 'Timor–Alor–Pantar', 'Alor–Pantar', 'Alor', 'Abui']",,abz,,,,
Altai_language,"['Turkic', 'Common Turkic', 'Siberian Turkic', ' or ', 'Kipchak', 'Southern Siberian or Kyrgyz–Kipchak', '[3]', '[4]', 'Altai']",,Either:atv – Northern Altaialt – Southern Altai,,, Russia Altai Republic,
Cahto_language,"['Dené–Yeniseian', '?\n', 'Na-Dené', 'Athabaskan', 'Pacific Coast Athabaskan', 'California Athabaskan', 'Kato']",,ktw,,,,
Danish_language,"['Indo-European', 'Germanic', 'Northwest Germanic', '[3]', 'North Germanic', 'East Scandinavian', '[4]', 'Danish']","['Jutlandic', 'Insular', 'Dano-Faroese', 'Southern Schleswig', 'Perkerdansk', 'Dano-Norwegian', ' ', '†', 'Angel', ' ', '†', 'East Danish', 'South Jutlandic']",Either:dan – Insular Danishjut – Jutlandic,,," Kingdom of Denmark
 Denmark
 Faroe Islands
 Nordic Council

 European Union", Greenland Germany
Maltese_language,"['Afro-Asiatic', 'Semitic', 'West Semitic', 'Central Semitic', 'Arabic', 'Maghrebi Arabic', 'Pre-Hilalian Arabic', 'Siculo-Arabic', 'Maltese']","['Cottonera', 'Gozitan', 'Qormi', 'Żejtuni', 'Australian', 'Central', 'Western', 'Eastern', 'Zurrieq', 'Port Maltese', 'Mġarr', 'Xlukkajr', 'Għaxaq', 'Qawsra', ' ', '†']",mlt,,,MaltaEuropean Union,
Sumerian_language,['Language isolate'],"['Emesal', '[1]', 'Emesisa', '[2]', 'Emetena', '[2]', 'Emesukudda', '[2]', 'Emesuha', '[2]', 'Emesidi', '[2]', 'Emeku ', '[3]']",sux,,,,
Madurese_language,"['Austronesian', 'Malayo-Polynesian', 'Malayo-Sumbawan', ' (?)', 'Madurese']","['Bawean', 'Bangkalan', 'Pamekasan', 'Sampang', 'Sapudi', 'Sumenep']",mad – Standard Madurese,,,,"Indonesia
East Java
"
Makassarese_language,"['Austronesian', 'Malayo-Polynesian', 'South Sulawesi', 'Makassaric', 'Makasar']","['Gowa-Takalar (Lakiung)', 'Jeʼneʼponto (Turatea)', 'Marusuʼ-Pangkajeʼneʼ']",mak,,,,
Ahtna_language,"['Dené–Yeniseian', '?\n', 'Na-Dené', 'Athabaskan', 'Northern Athabaskan', 'Ahtna']",,aht,,, Alaska[3],
Hawaiian_language,"['Austronesian', 'Malayo-Polynesian', 'Oceanic', 'Polynesian', 'Eastern Polynesian', 'Marquesic', 'Hawaiian']","['Standard Hawaiian', 'Niʻihau dialect', 'Other dialects']",haw,,," United States
 Hawaii
",
Bussa_language,"['Afro-Asiatic', 'Cushitic', 'Lowland East', 'Oromoid', 'Konsoid', 'Bussa']",,dox  (part),,,,
Ik_language,"['Nilo-Saharan', '?\n', 'Kuliak', 'Ik']",,ikx,,,,
Ingush_language,"['Northeast Caucasian', 'Nakh', 'Vainakh', ' ', '(Chechen–Ingush)', 'Ingush']",,inh,,, Russia Ingushetia,
Malay_language,"['Austronesian', 'Malayo-Polynesian', 'Malayic', 'Malay']",,msa – inclusive codeIndividual codes:zlm – Malay (individual language)ind – Indonesianzsm – Standard Malayabs – Ambon Malaymbf – Baba Malaypea – Baba Indonesianmhp – Balinese Malaybjn – Banjaresemfb – Bangkabtj – Bacanbew – Betawibve – Beraukxd – Brunei Malayccm – Chetty Malaycoa – Cocos Malayliw – Colgoq – Goraphji – Hajijax – Jambi Malayvkk – Kaurmeo – Kedah Malaymfa – Kelantan-Pattani Malaykvr – Kerincimqg – Kota Bangun Kutaimkn – Kupang Malaymfp – Makassar Malayxmm – Manado Malaymin – Minangkabaumui – Musizmi – Negeri Sembilan,L1 – 77 million (2007)[2]Total (L1 and L2): 200–290 million (2009)[3],,"
 Brunei
 Indonesia (as Indonesian)
 Malaysia
 Singapore

 UNESCO (as Indonesian)[7]

"," Indonesia(beside the national standard of Indonesian, Local Malay enjoys the status of a regional language in Sumatra and Kalimantan (Borneo)) East Timor (beside Dili Malay, Indonesian used as a working language and a trade language with Indonesia)[8]
 Thailand (as Pattani Malay, Syburi Malay, and Bangkok Malay)"
Occitan_language,"['Indo-European', 'Italic', 'Latino-Faliscan', 'Latin', 'Romance', 'Italo-Western', 'Western Romance', 'Gallo-Iberian', 'Gallo-Romance', '[a]', 'Occitano-Romance', '[a]', 'Occitan']","['Auvergnat', 'Gascon', 'Languedocien', 'Limousin', 'Provençal', 'Vivaro-Alpine', 'Niçard', 'Judeo-Provençal', ' †', 'Judeo-Gascon', ' †', 'Judeo Niçard', ' †']",oci – inclusive codeIndividual code:sdt – Judeo-Occitan,,,"Spain
Catalonia (as Aranese)
","France
Auvergne-Rhône-Alpes
Centre-Val de Loire
Nouvelle-Aquitaine
Occitania
Provence-Alpes-Côte d'Azur
Italy (Occitan Valleys) (Law number 482 of 15 December 1999)[6]

Monaco"
Chittagonian_language,"['Indo-European', 'Indo-Iranian', 'Indo-Aryan', 'Eastern', 'Bengali–Assamese', 'Gauda–Bangla', 'Southeastern Bengali', 'Chittagonian']",,ctg,,,,
Istro-Romanian_language,"['Indo-European', 'Italic', 'Latino-Faliscan', 'Latin', 'Romance', 'Eastern Romance', 'Northern Romanian?', '[a]', 'Istro-Romanian']",,ruo,,,,
Berta_language,"['Nilo-Saharan', '?\n', 'Berta languages', 'Berta']","['Shuru', 'Bake', 'Undu', 'Mayu', 'Fadashi', 'Dabuso', 'Beleje Gonfoye']",wti  (all Berta languages),,,,
Armenian_language,"['Indo-European', 'Armenian']","['Yerevan', 'Homshetsi', 'Karabakh', 'Karin', 'Mush', 'Kharberd–Yerznka', 'Shabin–Karahisar', 'Kakavaberd', 'Zok']",Variously:hye – Eastern Armenianhyw – Western Armenianxcl – Classical Armenianaxm – Middle Armenian,,,"
 Armenia
Organisations:
 Eurasian Economic Union[b]
", Cyprus[5][6] Hungary[7] Iraq[8] Poland[9][10] Romania[11] Turkey[12][13][14][15] Ukraine[16]
Tongan_language,"['Austronesian', 'Malayo-Polynesian', 'Oceanic', 'Polynesian', 'Tongic', 'Tongan']",,ton,,, Tonga,
Belarusian_language,"['Indo-European', 'Balto-Slavic', 'Slavic', 'East Slavic', 'Belarusian']",,bel,,," Belarus Poland (in Gmina Orla, Gmina Narewka, Gmina Czyże, Gmina Hajnówka and the town of  Hajnówka)
Union State
Collective Security Treaty Organization
", Czech Republic[2] Ukraine[3]
Adyghe_language,"['Northwest Caucasian', 'Circassian', 'Adyghe']","['Abdzakh', 'Bzhedug', 'Hatuqwai', 'Mamkhegh', 'Natukhaj', 'Shapsug', 'Temirgoy', ' (Standard dialect)', 'Yegeruqwai', 'Hakuchi', 'Zhaney']",ady,,," Russia
 Adygea
"," Jordan Syria Israel
Kfar Kama
Rehaniya
 Autonomous Administration of North and East Syria"
Orok_language,"['Tungusic', '\nSouthern', 'Nanaic', 'Uilta']",,oaa,,,,
Uduk_language,"['Nilo-Saharan', '?\n', 'Komuz', '?', 'Koman', 'Central Koman', 'Komo', '–Uduk', 'Uduk']",,udu,,,,
Chocangaca_language,"['Sino-Tibetan', 'Tibeto-Kanauri', '\xa0?', 'Bodish', 'Tibetic', 'Dzongkha–Lhokä', 'Chocha Ngacha']",,cgk,,,,
Maguindanao_language,"['Austronesian', 'Malayo-Polynesian', 'Philippine', 'Greater Central Philippine', 'Danao', 'Maguindanaon']","['Tau sa Ilud', 'Tau sa Laya', 'Biwangen']",mdh,,,Regional language in the Philippines,
Yoruba_language,"['Niger–Congo', '?\n', 'Atlantic–Congo', 'Volta-Congo', 'Volta–Niger', 'YEAI', 'Yoruboid', 'Edekiri', 'Yoruba']",,yor,,, Nigeria, Benin Togo
Bodo_language,"['Sino-Tibetan', 'Tibeto-Burman', 'Central Tibeto-Burman languages', ' (?)', 'Sal', 'Boro–Garo', 'Boroic', 'Boro']",,brx,,," India
Assam
",
Choctaw_language,"['Muskogean', '\nWestern', 'Choctaw']",,cho,,, United States      Oklahoma (Choctaw Nation only),
Maithili_language,"['Indo-European', 'Indo-Iranian', 'Indo-Aryan', 'Eastern', 'Bihari', 'Maithili']",['Thēthi'],mai,,," India[b]
Jharkhand[5] (additional)
 Nepal[c]

Koshi (provincial official)
Madhesh (provincial official)
",
Miami-Illinois_language,"['Algic', 'Algonquian', 'Miami-Illinois']",,mia,,,,
Uyghur_language,"['Turkic', 'Common Turkic', 'Karluk', 'Uyghur']","['Central Uyghur', 'Khotan', 'Lopnor']","uig  Uighur, Uyghur",,,China (Xinjiang)[2],
Aguacateco_language,"['Mayan', '\nQuichean–Mamean', 'Greater Mamean', 'Ixilan', 'Awakatek']",,agu,,,," Guatemala
 Mexico"
Assiniboine_language,"['Siouan', 'Western Siouan', ' (Core)', 'Mississippi Valley Siouan', 'Dakotan', 'Assiniboine']",,asb,,,,
Pandan_Bikol_language,"['Austronesian', 'Malayo-Polynesian', 'Philippine', 'Central Philippine', 'Bikol languages', 'Pandan Bikol']",,cts,,,,
Turkmen_language,"['Turkic', 'Common Turkic', 'Oghuz', 'Eastern Oghuz', 'Turkmen']",['Trukhmen'],tuk,,, Turkmenistan,
Tuvan_language,"['Turkic', 'Common Turkic', 'Siberian Turkic', 'South Siberian', 'Sayan Turkic', 'Steppe Sayan Turkic', '[2]', '[notes 1]', 'Tuvan']",,tyv,,, Russia Tuva,
Abenaki_language,"['Algic', 'Algonquian', 'Eastern Algonquian', 'Abenaki']",,Either:aaq – Eastern Abenakiabe – Western Abenaki,,,,
Amo_language,"['Niger–Congo', '?\n', 'Atlantic–Congo', 'Benue–Congo', 'Kainji', 'East Kainji', 'Map']",,amo,,,,
Swedish_language,"['Indo-European', 'Germanic', 'North Germanic', 'East Scandinavian', 'Swedish']",,swe,Native: 10 million (2012–2021)[1]L2 speakers: 3 million[1],,FinlandSwedenÅlandEuropean UnionNordic Council,
V%C3%B5ro_language,"['Uralic', 'Finno-Ugric', 'Finnic', 'South Estonian', 'Võro']",['Seto'],vro,,,,
Montenegrin_language,"['Indo-European', 'Balto-Slavic', 'Slavic', 'South Slavic', 'Western', 'Serbo-Croatian', 'Shtokavian', 'New Shtokavian', 'Eastern Herzegovinian', 'Montenegrin']",,cnr [3],,, Montenegro,"Mali Iđoš municipality (Vojvodina, Serbia)[1]"
Aghul_language,"['Northeast Caucasian', 'Lezgic', 'Samur', 'Eastern Samur', 'Lezgi', '–Aghul–', 'Tabasaran', 'Aghul']",,agx,,, Russia Dagestan,
Arpitan_language,"['Indo-European', 'Italic', 'Latino-Faliscan', 'Latin', 'Romance', 'Italo-Western', 'Western Romance', 'Gallo-Iberian?', '[3]', 'Gallo-Romance', 'Gallo-Rhaetian?', '[3]', 'Arpitan–', 'Oïl', 'Franco-Provençal']","['Dauphinois', 'Faetar', 'Jurassien', 'Lyonnais', 'Savoyard', 'Valdôtain', 'Vaudois']",frp,,,,"France
Auvergne-Rhône-Alpes
Bourgogne-Franche-Comté
Italy

Aosta Valley (protected by statute)[4]
Switzerland

see below
"
Oromo_language,"['Afro-Asiatic', 'Cushitic', 'Lowland East', 'Oromoid', 'Oromo']",,orm – inclusive codeIndividual codes:gax – Borana–Arsi–Guji Oromohae – Eastern Oromoorc – Ormagaz – West Central Oromossn – Waata,,, Ethiopia[4], Kenya
Surajpuri_language,"['Indo-European', 'Indo-Iranian', 'Indo-Aryan', 'Eastern', 'Bengali–Assamese', 'Surjapuri']",,sjp,,,,
Ladakhi_language,"['Sino-Tibetan', 'Tibeto-Burman', 'Tibeto-Kanauri', ' (?)', 'Bodish', 'Tibetic', 'Ladakhi–Balti', 'Ladakhi']",,Either:lbj – Ladakhizau – Zangskari,,,,
Hindustani_language,"['Indo-European', 'Indo-Iranian', 'Indo-Aryan', 'Central Zone', 'Western Hindi', 'Hindustani']","['Deccani', 'Hyderabadi', 'Dhakaiya', 'Rekhta', 'Kauravi', 'Bambaiya', 'Bihari Hindi', '[a]', 'Andaman', 'Haflong', 'Judeo-Urdu']",Either:hin – Hindiurd – Urdu,,,"
 India(as Hindi and Urdu)
 Pakistan(as Urdu)
 Fiji(as Fiji Hindi)[7]
",
Sardinian_language,"['Indo-European', 'Italic', 'Latino-Faliscan', 'Latin', 'Romance', 'Southern Romance', '?', 'Sardinian']",,srd – inclusive code SardinianIndividual codes:sro – Campidanese Sardiniansrc – Logudorese Sardinian,,,,"Italy (1999[4])
Sardinia (1997,[5] 2018[6])
"
Xaracuu_language,"['Austronesian', 'Malayo-Polynesian', 'Oceanic', 'Southern Oceanic', 'New Caledonian – Loyalties', 'New Caledonian', 'Southern', 'South Southern', 'Xaracuu–Xaragure', 'Kanala']",,ane,,,,
Rotokas_language,"['North Bougainville', 'Askopan', '–Rotokas', 'Rotokas']","['Central, Pipipaia, Aita, Atsilima', '[2]']",roo,,,,
Bezhta_language,"['Northeast Caucasian', 'Tsezic', 'Bezhta–Hunzib–Khwarshi', 'Bezhta']",,kap,,,,
Balinese_language,"['Austronesian', 'Malayo-Polynesian', 'Malayo-Sumbawan', ' (?)', 'Bali–Sasak–Sumbawa', 'Balinese']",,ban,,,,
Arikara_language,"['Caddoan', '\nNorthern', 'Pawnee–', 'Kitsai', 'Pawnee', '–Arikara', 'Arikara']",,ari,,,,
Kutchi_language,"['Indo-European', 'Indo-Iranian', 'Indo-Aryan', 'Northwestern', 'Sindhic languages', 'Kutchi']",['Kutchi-Swahili'],kfr,,,,
Karamojong_language,"['Nilo-Saharan', '?\n', 'Eastern Sudanic', '?', 'Kir–Abbaian', '?', 'Nilotic', 'Eastern Nilotic', 'Ateker', '–', 'Lotuko', '–', 'Maa', 'Ateker', 'Turkanic', 'Karamojong']","['Jie', 'Dodos']",kdj,,,,
Avestan_language,"['Indo-European', 'Indo-Iranian', 'Iranian', 'Avestan']",,ave,,,,
Cherokee_language,"['Iroquoian', '\nSouthern Iroquoian', 'Cherokee']",,chr,,,"Eastern Band of Cherokee Indians in North Carolina,Cherokee Nation[6][7][8][9] of Oklahoma",
Drehu_language,"['Austronesian', 'Malayo-Polynesian', 'Oceanic', 'Southern Oceanic', 'New Caledonian – Loyalties', 'Loyalty Islands', 'Drehu']",,dhv,,,,
Swahili_language,"['Niger–Congo', 'Atlantic–Congo', 'Volta-Congo', 'Benue–Congo', 'Bantoid', 'Southern Bantoid', 'Bantu', 'Northeast Bantu', 'Northeast Coast Bantu', 'Sabaki', 'Swahili']","['Bravanese', 'Bajuni', 'Makwe', 'Mwani', 'Sidi', 'Socotra', ' ', '†']",swa – inclusive codeIndividual codes:swc – Congo Swahiliswh – Coastal Swahiliymk – Makwe (?)wmw – Mwani (?),L1: 18 million (2012–2019)[2] L2: 55 million (2015–2019)[2],,"
4 countries
  Tanzania
  Rwanda
  Kenya
  Uganda



Organizations
  African Union
  East African Community
  Southern African Development Community[4]

","
 Burundi
 DR Congo
 Mozambique
"
Archi_language,"['Northeast Caucasian', 'Lezgic', '[2]', 'Archi']",,aqc,,,,
Palula_language,"['Indo-European', 'Indo-Iranian', 'Indo-Aryan', 'Eastern Dardic', 'Shinaic', 'Sawi', '–', 'Kalkoti', '–Palula?', '[2]', 'Kalkoti', '–Palula?', '[2]', 'Palula']",,phl,,,,
Laal_language,['language isolate'],"['Gori', 'Laabe']",gdm,,,,
Tunica_language,['Language isolate'],,tun,,,,
Musgu_language,"['Afro-Asiatic', 'Chadic', 'Biu–Mandara', 'East–Central', 'Munjuk', ' (B.2)', 'Musgu']","['Mpus', 'Beege (Jafga)', 'Vulum (Mulwi)', 'Ngilemong', 'Luggoy', 'Maniling', 'Muzuk']",mug,,,,
Tswana_language,"['Niger–Congo', '?\n', 'Atlantic–Congo', 'Volta-Congo', 'Benue–Congo', 'Bantoid', 'Southern Bantoid', 'Bantu', 'Southern Bantu', 'Sotho–Tswana', 'Tswana']","['Rolong', 'Hurutshe', 'Kwena', 'Lete', 'Melete', 'Ngwaketse', 'Ngwatu', 'Kgatla', 'Tawana', 'Tlharo', 'Tlhaping']",tsn,,,"
 Botswana
 South Africa
 Zimbabwe
","
 Namibia
"
Aleut_language,"['Eskaleut', 'Aleut']",,ale,,, Alaska[2],
Oirata_language,"['Trans–New Guinea', '\xa0?\n', 'West Bomberai', '\xa0?', 'Timor–Alor–Pantar', 'Eastern Timor', 'Oirata–Fataluku', 'Oirata']",,oia,,,,
Akum_language,"['Niger–Congo', '?\n', 'Atlantic–Congo', 'Benue–Congo', 'Plateau', 'Yukubenic', 'Akum–Beezen', 'Akum']",,aku,,,,
Upper_Sorbian_language,"['Indo-European', 'Balto-Slavic', 'Slavic', 'West Slavic', 'Sorbian', 'Upper Sorbian']",,hsb,,,Regional language in Saxony,
Bai_language,"['Sino-Tibetan', 'Sinitic', '?', '[3]', 'Macro-Bai', '?', 'Bai']","['Jianchuan-Dali', 'Panyi–', 'Lama']","Variously:bca – Central Bai, Jianchuan dialectbfs – Southern Bai, Dali dialectbfc – Panyi Bailay – Lama Bai",,,,
Serer_language,"['Niger–Congo', '?\n', 'Atlantic–Congo', 'West Atlantic', 'Senegambian', 'Fula', '–Serer', 'Serer']",,srr,,,,
Tofa_language,"['Turkic', 'Common Turkic', 'Siberian Turkic', 'South Siberian', 'Sayan Turkic', 'Taiga Sayan Turkic', '[2]', 'Tofa']",,kim,,,,
Rusyn_language,"['Indo-European', 'Balto-Slavic', 'Slavic', 'East Slavic', 'Rusyn']","['Lemko', '[10]', 'Prešov', '[10]', 'Subcarpathian', '[10]', 'Pannonian']",rue,,, Serbia (in Vojvodina)[12][13], Bosnia and Herzegovina[12] Croatia[12] Czech Republic[12] Hungary[12][14] Poland[12][15] Romania[12] Slovakia[12] Ukraine
Hopi_language,"['Uto-Aztecan', 'Northern Uto-Aztecan', 'Hopi']",,hop,,,,
Aymara_language,"['Aymaran', 'Aymara']",,aym – inclusive codeIndividual codes:ayr – Central Aymaraayc – Southern Aymara,,, Bolivia Peru[a], Chile
Silesian_language,"['Indo-European', 'Balto-Slavic', 'Slavic', 'West Slavic', 'Lechitic', '[2]', 'Silesian']","['Cieszyn', 'Sulkovian', 'Texan', 'Prudnik', 'Niemodlin']",szl,,,,
Venda_language,"['Niger–Congo', '?\n', 'Atlantic–Congo', 'Volta-Congo', 'Benue–Congo', 'Bantoid', 'Southern Bantoid', 'Bantu', 'Southern Bantu', 'TshiVenda']","['Guvhu', 'Ilafuri', 'Lembetu', 'Manda', 'Mbedzi', 'Phani', 'Tavha-Tsindi']",ven,,, South Africa Zimbabwe,
Dhivehi_language,"['Indo-European', 'Indo-Iranian', 'Indo-Aryan', 'Southern Zone', 'Insular Indo-Aryan', 'Old Dhivehi', 'Dhivehi']",,div,,, Maldives,
Achumawi_language,"['Hokan', '\xa0?\n', 'Shasta', '–Palaihnihan\xa0?', 'Palaihnihan', 'Achumawi']",,acv,,,,
Extremaduran_language,"['Indo-European', 'Italic', 'Latino-Faliscan', 'Latin', 'Romance', 'Italo-Western', 'Western', 'Ibero-Romance', 'West Iberian', 'Asturleonese', ' or ', 'Castilian', 'Extremaduran']",,ext,,,,
Plautdietsch_language,"['Indo-European', 'Germanic', 'West Germanic', 'North Sea Germanic', 'Low German', 'Low Prussian', '?', 'Plautdietsch']",,pdt,,,," Mexico (100,000+)[2]"
Tuareg_language,,,tmh,,,,
Amdang_language,"['Nilo-Saharan', '?\n', 'Fur', 'Amdang']",,amj,,,,
Chulym_language,"['Turkic', 'Common Turkic', 'Siberian Turkic', 'South Siberian', 'Chulym']","['Lower Chulym†', 'Middle Chulym']",clw,,,,
Coptic_language,"['Afro-Asiatic', 'Egyptian', 'Coptic']","['Bohairic', 'Sahidic', 'Akhmimic', 'Lycopolitan', 'Fayyumic', 'Oxyrhynchite']",cop,,,,
Acehnese_language,"['Austronesian', 'Malayo-Polynesian', 'Chamic', 'Acehnese']",,ace,,,"Indonesia
Aceh (co-official with Indonesian)
",
Azoyu_Me%E2%80%99phaa_language,"['Oto-Manguean', 'Tlapanecan', 'Tlapanec']",,Variously:tcf – Malinaltepec (east)tpc – Azoyú (south)tpl – Tlacoapa (central)tpx – Acatepec (west),,,,
Bambara_language,"['Niger-Congo', '?\n', 'Mande', 'Western Mande', 'Manding', 'East Manding', 'Bambara–Dyula', 'Bambara']",,bam,,,Mali (co-official),
Abaza_language,"['Northwest Caucasian', 'Abazgi', 'Abaza']",,abq,,, Russia Karachay-Cherkessia,
Karakalpak_language,"['Turkic', 'Common Turkic', 'Kipchak', 'Kipchak–Nogai', 'Karakalpak']",,kaa,,," Uzbekistan
 Karakalpakstan
",
Sundanese_language,"['Austronesian', 'Malayo-Polynesian', 'disputed:', 'Malayo-Sumbawan', ' or ', 'Greater North Borneo', 'Sundanese–', 'Baduy', 'Sundanese']","['Baduy', ' (considered a separate language)', 'Banten', 'Banyumas', ' (extinct)', 'Bogor', 'Brebes', 'Ciamis', 'Northeast\n', 'Cirebon', 'Indramayu', 'Majalengka', 'Priangan']",Variously:sun – Sundanesebac – Baduy Sundaneseosn – Old Sundanese,,,,
Kimki_language,"['Pauwasi', '\nYetfa – South Pauwasi', 'South Pauwasi', 'Kimki']",,sbt,,,,
Hiligaynon_language,"['Austronesian', 'Malayo-Polynesian', 'Philippine', 'Greater Central Philippine', 'Central Philippine', 'Bisayan', 'Central Bisayan', 'Hiligaynon']","['Standard Hiligaynon (Iloilo province dialect);', 'Urban Hiligaynon (Metro Iloilo dialect);', 'Guimarasnon Hiligaynon;', 'Bacolodnon Hiligaynon (Metro Bacolod dialect);', 'Negrense Hiligaynon (Negros Occidental dialect);', 'Mindanao Hiligaynon']",hil,,,, Philippines
Lakota_language,"['Siouan', 'Western Siouan', 'Mississippi Valley Siouan', 'Dakotan', 'Sioux', 'Lakota']",,lkt,,,,
Malagasy_language,"['Austronesian', 'Malayo-Polynesian', 'Western Indonesian', 'Barito', 'East Barito', 'Malagasy']",,mlg – inclusive codeIndividual codes:xmv – Antankaranabhr – Barabuc – Bushimsh – Masikorobmm – Northern Betsimisarakaplt – Plateau Malagasyskg – Sakalavabzc – Southern Betsimisarakatdx – Tandroy-Mafahalytxy – Tanosytkg – Tesakaxmw – Tsimihety,,, Madagascar,
Herero_language,"['Niger–Congo', '?\n', 'Atlantic–Congo', 'Volta-Congo', 'Benue–Congo', 'Bantoid', 'Southern Bantoid', 'Bantu', 'Kavango – Southwest Bantu', 'Southwest Bantu', 'Herero (R.30)', 'Herero']","['Himba', 'Kuvale', 'Zemba', ' (Thimba, ', 'Otjizemba', ')', 'Hakawona', ' (', 'Otjihakawona', ')', 'Botswana Herero']",her  Herero,,,,
Cebuano_language,"['Austronesian', 'Malayo-Polynesian', 'Philippine', 'Greater Central Philippine', 'Central Philippine', 'Bisayan', 'Cebuano']","['Standard Cebuano (Cebu Island)', 'Urban Cebuano (Metro Cebu)', 'Negros Cebuano', 'Bohol Cebuano', 'Leyte Cebuano (Kanâ)', 'Mindanao Cebuano', 'Davao Cebuano']",ceb,,,,Regional language in the Philippines
Bassa_language,"['Niger–Congo', '?\n', 'Atlantic–Congo', 'Kru', 'Western', 'Bassa', 'Bassa']",,bsq,,,,
Khmu_language,"['Austroasiatic', 'Khmuic', 'Khmu']",,Either:kjg – Khmukhf – Buddhist Khmu (Kmhmu' Khwen)[3][4],,,,
Tzeltal_language,"['Mayan', 'Cholan–Tzeltalan', 'Tzeltalan', 'Tzeltal']",,tzh,,,,
Javanese_language,"['Austronesian', 'Malayo-Polynesian', 'Javanese']",['Javanese dialects'],Variously:jav – Javanesejvn – Caribbean Javanesejas – New Caledonian Javaneseosi – Osingtes – Tenggeresekaw – Kawi,,,"Indonesia
Special Region of Yogyakarta (co-official with Indonesian)[2]
",
Abkhaz_language,"['Northwest Caucasian', 'Abazgi', 'Abkhaz']","['Abzhywan', 'Bzyp', 'Sadz']",abk  Abkhazian,,,Republic of Abkhazia[a],Georgia
Telugu_language,"['Dravidian', '\nSouth-Central', 'Telugu']","['see ', 'Telugu languages']",tel – inclusive codeIndividual code:wbq – Waddar (Vadari),,," India
Andhra Pradesh
Telangana
Puducherry (Yanam)
West Bengal (additional)[3]
", South Africa (protected language)[4]
Indonesian_language,"['Austronesian', 'Malayo-Polynesian', 'Malayic', 'Malay', 'Indonesian']","['Colloquial Indonesian', ' (especially Colloquial Jakarta Indonesian)', '[6]']",ind,,," Indonesia

 UNESCO", East Timor (Indonesian used as a working language and a trade language with Indonesia)[7]
Khanty_language,"['Uralic', 'Finno-Ugric', 'Ugric', 'Ob-Ugric', 'Khanty']","['Northern', 'Southern', 'Surgut', 'Far Eastern']",kca,,,,
Komi_language,"['Uralic', 'Finno-Ugric', 'Permic', 'Komi']",,kpv,,," Russia
 Komi Republic
",
Kaixana_language,"['Arawakan', '\nNorthern', 'Upper Amazon', 'Manao', 'Cawishana']",,None (mis),,,,
Naukan_Yupik_language,"['Eskaleut', 'Eskimo', 'Yupik', 'Naukan Yupik']",,ynk,,," Russia
 Chukotka (in Chukchi Peninsula)
",
Basa-Gumna_language,"['Niger–Congo', '?\n', 'Atlantic–Congo', 'Benue–Congo', 'Kainji', 'Basa languages', 'Kontagora–Gumna', 'Basa-Gumna']",,bsl,,,,
Luganda_language,"['Niger–Congo', '?\n', 'Atlantic–Congo', 'Volta-Congo', 'Benue–Congo', 'Bantoid', 'Southern Bantoid', 'Bantu', 'Northeast Bantu', 'Great Lakes Bantu', 'West Nyanza', 'North Nyanza', 'Ganda']","['Ludiope', 'Luvuma', 'Sese']",lug,L1: 5.6 million (2014)[1]L2: 5.4 million (2014)[1],,,
Japanese_language,"['Japonic', 'Japanese']","['See ', 'Japanese dialects']",jpn,,,Japan (de facto)Palau(on Angaur Island),
Phoenician_language,"['Afro-Asiatic', 'Semitic', 'West Semitic', 'Central Semitic', 'Northwest Semitic', 'Canaanite', 'Phoenician']",,phn,,,,
Fala_language,"['Indo-European', 'Italic', 'Latino-Faliscan', 'Latin', 'Romance', 'Italo-Western', 'Western', 'Ibero-Romance', 'West Iberian', 'Galician-Portuguese', 'Fala']",,fax,,,,
French_language,"['Indo-European', 'Italic', 'Latino-Faliscan', 'Romance', 'Italo-Western', 'Western Romance', 'Gallo-Romance', 'Oïl', 'French']",,fra,L1: 81 million (2020)[1]L2: 229 million (2022)[1]  Total: 310 million[1],,"
27 countries
Belgium
Benin
Burundi
Cameroon
Canada
Central African Republic
Chad
Comoros
Congo
Democratic Republic of the Congo
Djibouti
Equatorial Guinea
France
Gabon
Guinea
Haiti
Ivory Coast
Luxembourg
Madagascar
Monaco
Niger
Rwanda
Senegal
Seychelles
Switzerland
Togo
Vanuatu



10 subnational
Aosta Valley (Italy)
French Polynesia
Louisiana (United States)
Maine (United States)
New Caledonia
Puducherry (India)
Saint Barthélemy
Saint Martin
Saint Pierre and Miquelon
Wallis and Futuna



Non-official but administrative/cultural
Algeria
Burkina Faso
Cambodia
Laos
Lebanon
Mali
Mauritania
Mauritius
Morocco
New Hampshire (United States)
Tunisia
Vietnam



Intergovernmental organizations
Organisation internationale de la Francophonie
United Nations
International Olympic Committee
General Conference on Weights and Measures
International Committee of the Red Cross
European Union
African Union
North Atlantic Treaty Organization
World Trade Organization
Council of Europe

",
%C3%84ynu_language,"['Turkic', 'Common Turkic', 'Siberian Turkic', 'South Siberian Turkic', '[2]', 'Äynu']",,aib,,,,
Yapese_language,"['Austronesian', 'Malayo-Polynesian', 'Oceanic', 'Admiralty Islands', '?', 'Yapese']",['Nguluwan'],yap,,,,
Chukchi_language,"['Chukotko-Kamchatkan', 'Chukotkan', 'Chukchi']",,ckt,,,,
Hebrew_language,"['Afro-Asiatic', 'Semitic', 'West Semitic', 'Central Semitic', 'Northwest Semitic', 'Canaanite', 'Hebrew']","['Israelian Hebrew', ' ', '†']",Variously:heb – Modern Hebrewhbo – Classical Hebrew (liturgical)smp – Samaritan Hebrew (liturgical)obm – Moabite (extinct)xdm – Edomite (extinct),,,Israel (as Modern Hebrew)[6],"Poland[7]
South Africa[8]
Turkey[9][10][11][12][13]
"
Karenni_language,"['Sino-Tibetan', 'Karen languages', 'Sgaw–Bghai', 'Karenni']",,Variously:eky – Eastern Kayahkyu – Western Kayahkvy – Yintalekxf – Manumanaw (Manu),,,, Thailand Myanmar
Yanesha%27_language,"['Arawakan', '\nSouthern', 'Western\xa0?', 'Amuesha']",,ame,,,,
Zaza_language,"['Indo-European', 'Indo-Iranian', 'Iranian', 'Western', 'Northwestern', 'Zaza–Gorani', '[1]', '[2]', '[3]', 'Zaza']","['Tunceli', 'Ovacik', 'Hozat', 'Varto', 'Sivereki', 'Kori', 'Hazo', 'Motki (Moti)', 'Dumbeli', 'Central Zazaki']",zza – inclusive codeIndividual codes:kiu – Kirmanjki (Northern Zaza)diq – Dimli (Southern Zaza),,,,
